TICKER;PRECO;DY;P/L;P/VP;P/ATIVOS;MARGEM BRUTA;MARGEM EBIT;MARG. LIQUIDA;P/EBIT;EV/EBIT;DIVIDA LIQUIDA / EBIT;DIV. LIQ. / PATRI.;PSR;P/CAP. GIRO;P. AT CIR. LIQ.;LIQ. CORRENTE;ROE;ROA;ROIC;PATRIMONIO / ATIVOS;PASSIVOS / ATIVOS;GIRO ATIVOS;CAGR RECEITAS 5 ANOS;CAGR LUCROS 5 ANOS; LIQUIDEZ MEDIA DIARIA; VPA; LPA; PEG Ratio; VALOR DE MERCADO
AALR3;21,49;;-18,76;2,22;0,99;30,55;-0,34;-12,41;-678,8;-830,63;-151,83;0,5;2,33;-27,35;-1,2;0,83;-11,83;-5,26;-1,68;0,45;0,54;0,42;3,62;;8721372,2;9,68;-1,15;0,04;2542112616
ABCB4;18,27;7,65;5,16;0,79;0,07;35,76;27,56;19,63;3,68;3,68;;;1,01;1,1;-0,08;3,58;15,37;1,41;;0,09;0,91;0,07;13,58;13,36;19172999,23;23,02;3,54;0,13;4130666456
ABEV3;12,86;5,93;15,46;2,25;1,43;49,47;21,95;16,57;11,68;10,75;-0,93;-0,18;2,56;30,8;-2,02;1,19;14,52;9,22;17,86;0,63;0,36;0,56;9,82;0,86;531738141,6;5,73;0,83;-0,89;2,02548E+11
ADHM3;1,56;;-4,09;-1,29;105,12;100;-13548,48;-18860,61;-5,69;-5,69;0;;770,9;-1,43;-116,16;0;-31,47;-2571,9;22,61;-81,72;82,72;0,14;;;;-1,21;-0,38;-0,58;25439770,2
AERI3;1,17;1,77;-9,67;1,01;0,24;11,93;8,65;-3,76;4,2;7,74;3,54;0,85;0,36;0,71;-0,76;1,95;-10,48;-2,46;7,31;0,23;0,77;0,65;;;10893794,5;1,15;-0,12;0,04;896469743,5
AESB3;9,88;1,09;12,14;1,42;0,39;23,01;16,12;17,84;13,44;23,46;10,03;1,06;2,17;2,01;-0,54;3,63;11,73;3,24;-0,56;0,28;0,64;0,18;;;22188656,43;6,94;0,81;;5947041833
AFLT3;9,21;2,57;4,85;2,14;1,85;82,74;80,13;77,75;4,71;4,46;-0,25;-0,11;3,77;10,37;-2,47;3,4;44,1;38,05;43,2;0,86;0,14;0,49;30,86;52,99;6829,05;4,3;1,9;0,01;581010087
AGRO3;27,01;19,46;19,47;1,35;0,82;23,11;15,4;11,02;13,93;16,77;2,84;0,27;2,15;4,35;-1,32;1,99;6,92;4,22;4,74;0,61;0,39;0,38;59,78;39,06;11513890,77;20,04;1,39;-0,24;2765202986
AGXY3;9,42;1,78;-24,48;1,28;0,21;12,49;4,37;-0,61;3,44;6,25;2,81;1,05;0,15;8,62;-1,03;1,03;-5,23;-0,84;15,21;0,16;0,84;1,37;;;603061,17;7,35;-0,38;-0,02;1609171396
AHEB3;20;;-5,16;-2,11;0,59;30,92;-3,68;-15,89;-22,32;-22,41;-0,11;;0,82;-172,95;-0,79;0,99;-40,93;-11,41;11,01;-0,28;1,28;0,72;-1,24;;16351,2;-9,47;-3,87;0,11;170784028,3
AHEB5;22;;-5,68;-2,32;0,65;30,92;-3,68;-15,89;-24,55;-22,41;-0,11;;0,9;-190,25;-0,87;0,99;-40,93;-11,41;11,01;-0,28;1,28;0,72;-1,24;;;-9,47;-3,87;0,13;170784028,3
AHEB6;19,31;;-4,98;-2,04;0,57;30,92;-3,68;-15,89;-21,55;-22,41;-0,11;;0,79;-166,99;-0,77;0,99;-40,93;-11,41;11,01;-0,28;1,28;0,72;-1,24;;1931;-9,47;-3,87;0,11;170784028,3
ALLD3;5,3;17,45;6,69;0,33;0,12;13,67;3,61;1,36;2,53;4,22;1,7;0,22;0,09;0,44;-0,41;1,59;4,91;1,76;7,51;0,36;0,64;1,29;;;189456,4;16,15;0,79;-0,09;494069084,6
ALPA3;9,51;;53,48;1,13;0,76;46,1;4,81;2,9;32,3;35,54;3,12;0,11;1,55;2,85;-1,37;2,52;2,11;1,43;1,62;0,68;0,32;0,49;2,36;-19,63;98358,5;8,43;0,18;-0,65;6519970339
ALPA4;9,58;;53,87;1,14;0,77;46,1;4,81;2,9;32,54;35,54;3,12;0,11;1,56;2,87;-1,38;2,52;2,11;1,43;1,62;0,68;0,32;0,49;2,36;-19,63;60665998,23;8,43;0,18;-0,65;6519970339
ALPK3;1,5;;-1,94;0,7;0,12;29,84;6,4;-15,39;4,66;23,11;18,45;2,77;0,3;-0,85;-0,14;0,44;-36,11;-6,36;3,53;0,18;0,82;0,41;;;718876,37;2,14;-0,77;0,15;321639784,5
ALSO3;17,47;2,2;35,87;1,49;0,84;70,92;55,69;26,63;17,15;12,79;-4,36;-0,38;9,55;4,34;-1,13;3,98;4,17;2,34;7,18;0,56;0,35;0,09;22,33;24,54;60972672,47;11,69;0,49;0,47;10350515085
ALUP11;27,67;4,45;8,57;1,11;0,3;80,24;73,84;22,37;2,6;5,31;2,71;1,16;1,92;2,61;-0,36;2,73;12,99;3,48;12,37;0,27;0,6;0,16;27,49;24,93;22739349,5;24,85;3,23;-0,26;8108336271
ALUP3;9,3;4,41;8,64;1,12;0,3;80,24;73,84;22,37;2,62;5,31;2,71;1,16;1,93;2,63;-0,37;2,73;12,99;3,48;12,37;0,27;0,6;0,16;27,49;24,93;86723,43;8,28;1,08;-0,26;8108336271
ALUP4;9,23;4,44;8,58;1,11;0,3;80,24;73,84;22,37;2,6;5,31;2,71;1,16;1,92;2,61;-0,36;2,73;12,99;3,48;12,37;0,27;0,6;0,16;27,49;24,93;115987,07;8,28;1,08;-0,26;8108336271
AMAR3;0,77;;-1,02;0,27;0,07;43,55;-1,08;-9,3;-8,78;-59,62;-50,85;1,57;0,09;0,61;-0,14;1,36;-26,59;-7,23;-3,01;0,27;0,73;0,78;-2,41;;12220088,93;2,84;-0,76;0,01;263989042,2
AMBP3;22,02;1,38;26,98;2,41;0,31;21,94;17,5;2,81;4,33;9,69;5,36;2,98;0,76;1,14;-0,58;2,37;8,92;1,14;7,78;0,13;0,84;0,41;;;22982862,13;9,15;0,82;-0,85;2486841648
AMER3;1,1;;23,15;0,07;0,02;30,68;4,18;0,15;0,85;8,49;7,64;0,59;0,04;0,11;-0,04;1,84;0,28;0,1;1,24;0,35;0,65;0,65;21,42;;278809674;16,74;0,05;-0,6;992782453,3
ANIM3;4,1;;-4,43;0,62;0,16;56,74;10,86;-10,54;4,3;14,28;9,99;1,43;0,47;5,11;-0,2;1,18;-13,91;-3,57;3,94;0,26;0,71;0,34;22,51;;19827125,1;6,66;-0,93;0;1655862101
APER3;25,58;0,27;14,91;0,63;0,38;100;7,85;8,96;17,02;9,07;-7,95;-0,29;1,34;3,49;-0,54;1,6;4,21;2,55;1,93;0,61;0,39;0,28;4,5;;972376,6;40,77;1,72;0;293661827,7
APTI3;197,64;;0,61;0,02;0,01;101,56;-8,62;16,21;-1,14;-7,12;6,69;-0,09;0,1;0,02;-0,01;6,73;2,49;1,19;-6,4;0,48;0,52;0,07;-6,46;;;13091,31;325,57;0;44442750
APTI4;3500;;10,75;0,27;0,13;101,56;-8,62;16,21;-20,21;-7,12;6,69;-0,09;1,74;0,37;-0,22;6,73;2,49;1,19;-6,4;0,48;0,52;0,07;-6,46;;;13091,31;325,57;-0,07;44442750
ARML3;11,82;3,44;33,1;3,59;1,18;45,97;33,61;14,73;14,5;18,15;3,64;0,9;4,88;5,35;-1,8;2,79;10,85;3,56;7,87;0,33;0,67;0,24;;;3477960,17;3,29;0,36;0,15;4089909605
ARZZ3;77,42;2,37;18,84;3,42;2,03;53,58;13,23;10,03;14,28;13,68;-0,6;-0,14;1,89;11,23;-4,26;1,53;18,17;10,8;18,34;0,59;0,41;1,08;18,73;31,28;103198318,7;22,62;4,11;0,33;8530606081
ASAI3;18,63;0,87;18,74;6,99;0,69;16,39;5,35;2,68;9,37;12,33;2,95;2,2;0,5;-20,45;-1,04;0,91;37,3;3,68;16,95;0,1;0,9;1,38;;;173421827,8;2,66;0,99;-0,77;25134951290
ATMP3;1,09;;-0,06;-0,11;0,02;-0,79;-46,26;-58,02;-0,08;-0,78;-0,71;;0,04;-0,04;-0,02;0,35;-172,5;-29,6;-459,43;-0,17;1,17;0,51;-12,49;;23642,33;-10,3;-17,77;0;29114288,04
ATOM3;2,25;3,07;5,17;2,09;1,49;98,36;27,66;29,56;5,53;3,4;-2,13;-0,81;1,53;1,61;-69,02;18,91;40,41;28,86;35,14;0,71;0,29;0,98;;;18026,37;1,08;0,44;0,15;53561020,5
AURA33;39,7;3,68;6,94;1,68;0,79;30,86;23,84;19,08;5,55;6,47;0,92;0,28;1,32;5,08;-1,26;1,72;24,18;11,39;12,61;0,47;0,53;0,6;;;4414796,3;23,67;5,72;-0,43;2808475662
AURE3;14,97;0,67;63,51;1,18;0,51;22,14;19,25;4,91;16,21;18,63;2,42;0,18;3,12;2,78;-0,64;10,36;1,85;0,8;4,45;0,43;0,57;0,16;;;58080208,87;12,73;0,24;;14970000000
AVLL3;10,1;;-0,52;-1,23;0,13;10,42;-84,66;-176,29;-1,09;-5,24;-4,15;;0,92;-0,3;-0,2;0,45;-235,4;-24,62;-27,54;-0,1;1,1;0,14;;;18539;-8,19;-19,28;0,03;226399519,4
AZEV3;1,72;;11,47;1,07;0,27;5,05;-3,09;3,59;-13,32;-16,3;-3,09;0,25;0,41;-4,13;-0,4;0,83;9,28;2,33;-25,37;0,25;0,75;0,65;-8,87;;303778,57;1,62;0,15;-0,13;131737591,4
AZEV4;1,7;;11,34;1,05;0,26;5,05;-3,09;3,59;-13,16;-16,3;-3,09;0,25;0,41;-4,08;-0,39;0,83;9,28;2,33;-25,37;0,25;0,75;0,65;-8,87;;761260,17;1,62;0,15;-0,13;131737591,4
AZUL4;8,81;;-5,02;-0,55;0,61;19,26;6,35;-14,59;11,52;26,71;23,54;;0,73;-1,15;-0,84;0,35;-11,03;-12,12;25,84;-1,1;2,1;0,83;8,38;;135379891,9;-15,92;-1,76;0,11;3065916198
B3SA3;11,8;4,1;16,68;3,52;1,48;89,66;56,13;43,15;12,83;12,03;-0,79;-0,22;7,2;10,12;-2,38;1,62;21,13;8,84;12,42;0,42;0,58;0,2;34,69;24,43;482527174,6;3,35;0,71;-1,93;71968200000
BAHI3;13;;-3,39;2,32;0,49;37,63;-14,35;-27,44;-6,48;-9,03;-2,55;0,92;0,93;-2,42;-0,52;0,22;-68,6;-14,37;-20,11;0,21;0,77;0,52;;;69295,46;5,59;-3,84;-0,03;310670412
BALM3;10,3;3,47;3,92;0,74;0,44;57,07;15,53;17,43;4,4;3,3;-0,83;-0,14;0,68;0,99;-1,41;2,93;18,9;11,35;12,7;0,6;0,4;0,65;3,42;53,56;1865,33;13,9;2,63;0,02;94668000
BALM4;9,02;3,96;3,43;0,65;0,39;57,07;15,53;17,43;3,85;3,3;-0,83;-0,14;0,6;0,86;-1,23;2,93;18,9;11,35;12,7;0,6;0,4;0,65;3,42;53,56;2845,25;13,9;2,63;0,01;94668000
BAUH4;81,99;;46,98;3,98;2,59;20,99;1,84;4,97;126,83;126,8;-0,03;0;2,34;92,2;-3,76;1,1;8,46;5,51;-1,98;0,65;0,35;1,11;5,51;3,46;35177,5;20,62;1,75;-0,88;428169981,8
BAZA3;63,2;10,87;3,11;0,79;0,11;35,57;61,66;39,79;2;2;;;1,24;1,14;-0,12;;25,51;3,49;;0,14;0,86;0,09;-2,61;54,23;268867,2;79,74;20,34;0,03;3542885508
BBAS3;40,37;10,33;4,27;0,76;0,06;28,97;15,94;12,64;3,38;3,38;;;0,54;2,51;-0,06;12,02;17,69;1,29;;0,07;0,92;0,1;-6,5;30,98;590936100,5;53,44;9,45;0,06;1,15677E+11
BBDC3;11,59;7,9;5,82;0,78;0,07;36,23;11,76;10,3;5,1;5,34;;;0,6;1,18;-0,07;8,86;13,37;1,18;;0,09;0,91;0,11;8,37;4,42;110018245,5;14,89;1,99;1,7;1,29278E+11
BBDC4;12,67;7,95;6,36;0,85;0,08;36,23;11,76;10,3;5,58;5,34;;;0,66;1,29;-0,08;8,86;13,37;1,18;;0,09;0,91;0,11;8,37;4,42;1016541624;14,89;1,99;1,85;1,29278E+11
BBML3;3936,42;;-5902,87;1778,33;145,95;5,36;0,8;-1,76;13023,68;13058,56;34,89;4,76;103,69;-9327,5;-245,49;0,96;-30,13;-2,47;-1,15;0,08;0,92;1,41;42,64;;;2,21;-0,67;29,9;1,60452E+11
BBSE3;35,95;2,88;11,9;9,47;4,46;;;;10,2;10,2;;;;100,85;-8,07;1,11;79,57;37,47;;0,47;0,53;0;;8,34;214117332,6;3,8;3,02;0,22;71900000000
BDLL3;11,4;;3,31;-0,09;0,03;-49,16;-112,68;21,92;-0,64;-6,57;-6,04;;0,73;-0,18;-0,05;0,74;-2,79;0,8;-357,89;-0,29;1,29;0,04;-39,65;;1928,33;-123,47;3,44;-0,03;14864452,8
BDLL4;8;;2,33;-0,06;0,02;-49,16;-112,68;21,92;-0,45;-6,57;-6,04;;0,51;-0,13;-0,03;0,74;-2,79;0,8;-357,89;-0,29;1,29;0,04;-39,65;;10653,8;-123,47;3,44;-0,02;14864452,8
BEEF3;13,19;4,26;9,64;12,88;0,38;18,34;8,09;2,63;3,13;5,66;2,53;10,41;0,25;1,34;-1,17;1,7;133,61;3,9;15,04;0,03;0,97;1,48;22,82;33,65;101457709,1;1,02;1,37;0,2;8010068138
BEES3;6,13;9,59;5,79;0,99;0,05;26,53;12,39;7,9;3,69;3,86;;;0,46;0,31;-0,06;;17,14;0,86;;0,05;0,95;0,11;-6,14;18,07;182991,47;6,18;1,06;0,15;2023150829
BEES4;7,15;8,23;6,75;1,16;0,06;26,53;12,39;7,9;4,31;3,86;;;0,53;0,36;-0,07;;17,14;0,86;;0,05;0,95;0,11;-6,14;18,07;38708,7;6,18;1,06;0,17;2023150829
BFRE11;0;;0;0;0;0;145,59;123,55;0;;;;0;0;0;;7,6;6,9;;0,91;0,09;0,06;;7,82;;288910,74;21963,74;0;
BFRE12;0;;0;0;0;0;145,59;123,55;0;;;;0;0;0;;7,6;6,9;;0,91;0,09;0,06;;7,82;;288910,74;21963,74;0;
BGIP3;26,4;3,78;13,13;0,69;0,05;37,01;6,05;3,07;6,66;5,56;;;0,4;-0,55;-0,11;0,86;5,28;0,38;;0,07;0,93;0,12;1,19;-14,06;2640;38,1;2,01;-0,2;336654107,3
BGIP4;17,65;6,21;8,78;0,46;0,03;37,01;6,05;3,07;4,45;5,56;;;0,27;-0,37;-0,07;0,86;5,28;0,38;;0,07;0,93;0,12;1,19;-14,06;9694,8;38,1;2,01;-0,13;336654107,3
BIDI11;10,4;0,43;-238,07;1,08;0,23;50,04;-13,62;-5,22;-91,21;-91,21;;;12,42;;-0,24;;-0,45;-0,1;;0,22;0,78;0,02;5,8;;189680308,8;9,67;-0,04;0,13;8991139765
BIDI3;3,4;0,43;-233,49;1,06;0,23;50,04;-13,62;-5,22;-89,46;-91,21;;;12,19;;-0,24;;-0,45;-0,1;;0,22;0,78;0,02;5,8;;9796295,5;3,22;-0,01;0,12;8991139765
BIDI4;3,41;0,43;-234,18;1,06;0,23;50,04;-13,62;-5,22;-89,72;-91,21;;;12,22;;-0,24;;-0,45;-0,1;;0,22;0,78;0,02;5,8;;44223197,08;3,22;-0,01;0,12;8991139765
BIOM3;5,36;;-4,32;2,97;1,14;15,93;-89,58;-99,43;-4,8;-5,8;-1,01;0,62;4,3;5,42;-1,95;2,03;-68,84;-26,4;-28,71;0,38;0,62;0,27;;;69208,77;1,8;-1,24;-0,12;435702736,6
BLAU3;28,41;2,99;16,25;2,9;2,09;46,95;30,43;22,56;12,05;10,99;-1,06;-0,25;3,67;3,95;-7,01;4,07;17,82;12,85;14,04;0,72;0,28;0,57;;;6032202,2;9,81;1,75;-1,43;5096581807
BLUT3;5,14;;-5,63;0,46;0,14;;;;-6,17;-4,91;-1,59;0,12;;-1,08;-0,14;0;-8,15;-2,46;-6,65;0,3;0,7;0;;;254063,54;11,21;-0,91;0,2;14115600,06
BLUT4;1,52;;-1,66;0,14;0,04;;;;-1,82;-4,91;-1,59;0,12;;-0,32;-0,04;0;-8,15;-2,46;-6,65;0,3;0,7;0;;;224305;11,21;-0,91;0,06;14115600,06
BMEB3;10,52;4,95;5,74;0,86;0,07;55,58;4,06;5,83;8,25;8,11;;;0,33;0,57;-0,08;;14,97;1,28;;0,09;0,91;0,22;-4,8;63,55;11027,61;12,25;1,83;-22,84;1084577337
BMEB4;10,06;5,7;5,49;0,82;0,07;55,58;4,06;5,83;7,89;8,11;;;0,32;0,54;-0,08;;14,97;1,28;;0,09;0,91;0,22;-4,8;63,55;81339,37;12,25;1,83;-21,84;1084577337
BMGB4;2,03;18;15,52;0,29;0,03;31,99;-2,85;1,24;-6,75;-6,75;;;0,19;;-0,03;;1,87;0,19;;0,1;0,9;0,15;13,33;-17,1;2495907,77;6,98;0,13;-0,22;1183961794
BMIN3;18,5;;13,48;0,67;0,3;53,21;31,64;16,18;6,89;6,59;;;2,18;30,71;-0,3;;5;2,22;;0,44;0,56;0,14;-10,02;-12,74;5290,2;27,44;1,37;0,18;85360413,5
BMIN4;13;6,54;9,47;0,47;0,21;53,21;31,64;16,18;4,84;6,59;;;1,53;21,58;-0,21;;5;2,22;;0,44;0,56;0,14;-10,02;-12,74;4006,25;27,44;1,37;0,13;85360413,5
BMKS3;375;4,77;7,49;0,87;0,79;27,02;58,86;126,97;16,16;1,7;-14,46;-0,78;9,51;1,02;-3,76;25,81;11,66;10,49;3,03;0,9;0,11;0,08;-1,89;7,47;12585,13;429,2;50,06;0,02;170531250
BMOB3;14,5;1,4;15,09;1,28;0,96;21,73;6,83;6,16;13,62;8,52;-5,1;-0,48;0,93;2,24;-2,61;3,11;8,48;6,36;4,58;0,75;0,25;1,03;;;5740564;11,34;0,96;0,33;1318181834
BNBR3;78;5,66;3,38;0,82;0,1;46,7;41,33;26,29;2,15;2,15;;;0,89;0,7;-0,12;;24,33;3,07;;0,13;0,87;0,12;-1,65;22,18;16127,14;94,83;23,08;0,06;6736974192
BOAS3;7,67;3,48;14,39;1,84;1,54;53,72;9,33;27,74;42,79;29,01;-13,78;-0,59;3,99;3,29;-3,65;5,23;12,79;10,7;-0,43;0,84;0,16;0,39;6,65;;14770878,2;4,17;0,53;0,15;4082147503
BOBR3;0;;0;0;0;32,64;6,9;-4,6;0;4,68;3,19;;0;0;0;0,63;-35,95;-7,13;43,06;-0,2;1,2;1,55;0,74;;;-0,69;-0,25;0;143786520,5
BOBR4;1,17;;-4,73;-1,7;0,34;32,64;6,9;-4,6;3,15;4,68;3,19;;0,22;-1,2;-0,64;0,63;-35,95;-7,13;43,06;-0,2;1,2;1,55;0,74;;32245,7;-0,69;-0,25;0,03;143786520,5
BPAC11;20,75;3,17;11,12;1,88;0,22;20,7;23,06;16,11;7,77;7,77;;;1,79;6,01;-2,74;1,04;16,93;1,94;;0,11;0,89;0,12;5,25;8,61;359749282,2;11,02;1,87;-1;79583996169
BPAC3;10,89;2,01;17,51;2,96;0,34;20,7;23,06;16,11;12,23;7,77;;;2,82;9,47;-4,32;1,04;16,93;1,94;;0,11;0,89;0,12;5,25;8,61;92592,13;3,67;0,62;-1,58;79583996169
BPAC5;5,08;4,31;8,17;1,38;0,16;20,7;23,06;16,11;5,71;7,77;;;1,32;4,42;-2,01;1,04;16,93;1,94;;0,11;0,89;0,12;5,25;8,61;53017,03;3,67;0,62;-0,74;79583996169
BPAN4;5,23;5,33;9,96;0,93;0,12;52,6;6,81;5,66;8,28;8,28;;;0,56;;-0,12;;9,38;1,2;;0,13;0,87;0,21;8,24;43,43;19955694,23;5,6;0,52;-0,45;6658832177
BPAR3;182,07;5,69;7,28;1,02;0,11;55,65;14,23;8,39;4,3;4,3;;;0,61;1,27;-0,12;;14,01;1,56;;0,11;0,89;0,19;4,66;0,56;;178,47;25;0,3;1733606633
BPAT33;44,05;;6,98;0,66;0,09;51,56;21,77;5,61;1,8;1,8;;;0,39;;-0,12;;9,46;1,35;;0,14;0,86;0,24;14,99;-18,89;;66,71;6,31;-0,11;1533769021
BPHA3;0,62;;0,06;-0,24;0,99;98,02;1029,99;13896,67;0,8;1,66;0,85;;8,28;-0,38;-1,18;0,06;-402,5;1669,02;-36,75;-4,15;5,15;0,12;-68,85;;;-2,58;10,4;0;70110298,74
BRAP3;25,29;11,76;1,67;1,27;1,25;;;;1,69;1,69;-0,14;-0,11;;12,47;-1,41;9,56;75,82;74,92;74,47;0,99;0,01;0;;56,67;1880160,07;19,93;15,11;0,18;10826633558
BRAP4;28,76;11,38;1,9;1,44;1,43;;;;1,92;1,69;-0,14;-0,11;;14,18;-1,61;9,56;75,82;74,92;74,47;0,99;0,01;0;;56,67;71297431,9;19,93;15,11;0,21;10826633558
BRBI11;11,59;11,91;8,24;1,51;0,15;36,49;17,71;22,54;10,48;2,96;-7,52;-1,09;1,86;1,45;-14,11;1,12;18,37;1,88;0,4;0,1;0,9;0,08;;;896317;7,66;1,41;0,39;1216900209
BRBI3;0;;0;0;0;36,49;17,71;22,54;0;2,96;-7,52;-1,09;0;0;0;1,12;18,37;1,88;0,4;0,1;0,9;0,08;;;;2,55;0,47;0;1216900209
BRBI4;0;;0;0;0;36,49;17,71;22,54;0;2,96;-7,52;-1,09;0;0;0;1,12;18,37;1,88;0,4;0,1;0,9;0,08;;;;2,55;0,47;0;1216900209
BRFS3;6,42;;-5,21;0,57;0,12;16,71;2,36;-2,53;5,57;17,4;11,83;1,21;0,13;1,17;-0,22;1,3;-10,94;-2,35;2,51;0,21;0,77;0,93;7,46;;172874674,1;11,26;-1,23;0,01;6949478239
BRGE11;9,38;4,08;8,8;0,54;0,22;-3277,37;1089,29;1970,12;15,91;-16,61;-34,02;-1,16;173,31;0,61;-0,52;2,62;6,18;2,48;2,05;0,4;0,43;0;-32,32;5,12;1256,67;17,26;1,07;0,04;755786328,2
BRGE12;9,17;;8,6;0,53;0,21;-3277,37;1089,29;1970,12;15,55;-16,61;-34,02;-1,16;169,43;0,59;-0,51;2,62;6,18;2,48;2,05;0,4;0,43;0;-32,32;5,12;15614,42;17,26;1,07;0,04;755786328,2
BRGE3;9,4;;8,82;0,54;0,22;-3277,37;1089,29;1970,12;15,94;-16,61;-34,02;-1,16;173,68;0,61;-0,52;2,62;6,18;2,48;2,05;0,4;0,43;0;-32,32;5,12;6897,92;17,26;1,07;0,04;755786328,2
BRGE5;11,31;2,82;10,61;0,66;0,26;-3277,37;1089,29;1970,12;19,18;-16,61;-34,02;-1,16;208,97;0,73;-0,63;2,62;6,18;2,48;2,05;0,4;0,43;0;-32,32;5,12;4755;17,26;1,07;0,04;755786328,2
BRGE6;11,47;6,68;10,76;0,66;0,27;-3277,37;1089,29;1970,12;19,46;-16,61;-34,02;-1,16;211,92;0,74;-0,64;2,62;6,18;2,48;2,05;0,4;0,43;0;-32,32;5,12;1201;17,26;1,07;0,04;755786328,2
BRGE7;5,4;8,27;5,06;0,31;0,13;-3277,37;1089,29;1970,12;9,16;-16,61;-34,02;-1,16;99,77;0,35;-0,3;2,62;6,18;2,48;2,05;0,4;0,43;0;-32,32;5,12;;17,26;1,07;0,02;755786328,2
BRGE8;9,48;3,37;8,89;0,55;0,22;-3277,37;1089,29;1970,12;16,08;-16,61;-34,02;-1,16;175,16;0,61;-0,53;2,62;6,18;2,48;2,05;0,4;0,43;0;-32,32;5,12;955;17,26;1,07;0,04;755786328,2
BRIT3;2,46;0,05;34,74;0,82;0,39;40,74;13,03;3,49;9,29;14,72;5,43;0,48;1,21;9;-0,5;1,26;2,36;1,13;3,83;0,48;0,52;0,32;;;1434068,2;3;0,07;0,64;1104773493
BRIV3;9,39;2,27;18,41;0,51;0,03;13,08;6,94;1,77;4,69;4,65;;;0,33;0,6;-0,04;14,16;2,78;0,18;;0,07;0,93;0,1;-3,36;-13,17;12945,68;18,36;0,51;-0,44;825989346,4
BRIV4;9,22;6,73;18,08;0,5;0,03;13,08;6,94;1,77;4,6;4,65;;;0,32;0,59;-0,04;14,16;2,78;0,18;;0,07;0,93;0,1;-3,36;-13,17;15737,91;18,36;0,51;-0,43;825989346,4
BRKM3;23,19;7,32;9,7;2,13;0,2;17,15;9,3;1,8;1,88;4,04;2,2;2,49;0,17;1,39;-0,34;1,53;21,92;2,07;18,39;0,09;0,93;1,15;17,25;;356875,97;10,9;2,39;-0,11;18093335003
BRKM5;22,05;7,69;9,23;2,02;0,19;17,15;9,3;1,8;1,79;4,04;2,2;2,49;0,17;1,32;-0,33;1,53;21,92;2,07;18,39;0,09;0,93;1,15;17,25;;67409940,7;10,9;2,39;-0,11;18093335003
BRKM6;20;;8,37;1,83;0,17;17,15;9,3;1,8;1,62;4,04;2,2;2,49;0,15;1,2;-0,3;1,53;21,92;2,07;18,39;0,09;0,93;1,15;17,25;;10081,93;10,9;2,39;-0,1;18093335003
BRML3;8,26;0,65;12,62;0,62;0,37;88,97;69,5;39,67;7,2;9,51;2,31;0,2;5,01;8,27;-0,41;2,1;4,9;2,95;6,41;0,6;0,39;0,07;-2,54;25,92;113095545;13,37;0,65;0,07;6841542282
BRPR3;5,98;1,76;-1,82;0,63;0,59;100;-656,01;-511,97;-1,42;-1,27;0,15;-0,07;9,33;1,31;-1,15;12,93;-34,49;-32,26;-54,94;0,94;0,06;0,06;-7,12;;16327495,47;9,51;-3,28;0;2777306284
BRQB3;0;;0;0;0;36,81;16,43;10,41;0;-0,76;-0,76;-0,53;0;0;0;2,13;44,07;19,83;35,2;0,45;0,54;1,9;12,3;;;1,29;0,57;0;0
BRSR3;10,6;8,32;5,31;0,48;0,04;33,25;5,75;6,82;6,3;6;;;0,36;0,78;-0,04;4,16;8,99;0,71;;0,08;0,92;0,1;-5,99;2,31;56181,07;22,21;2;-0,25;4129180724
BRSR5;15,46;5,78;7,74;0,7;0,06;33,25;5,75;6,82;9,19;6;;;0,53;1,14;-0,06;4,16;8,99;0,71;;0,08;0,92;0,1;-5,99;2,31;7386,38;22,21;2;-0,36;4129180724
BRSR6;9,59;9,19;4,8;0,43;0,03;33,25;5,75;6,82;5,7;6;;;0,33;0,7;-0,04;4,16;8,99;0,71;;0,08;0,92;0,1;-5,99;2,31;15658697,33;22,21;2;-0,22;4129180724
BSEV3;9;;10,22;-10,84;0,78;26,77;17,92;5,55;3,17;5,46;2,3;;0,57;-1,59;-1,13;0,39;-106,05;7,59;30,9;-0,07;1,07;1,37;10,88;;;-0,83;0,88;-0,06;9183864834
BSLI3;14,5;2,58;12,36;2,47;0,14;27,43;5,18;8,61;20,54;19,96;;;1,06;-0,5;-0,15;0,28;19,98;1,09;;0,05;0,95;0,13;5,49;16,26;13682;5,87;1,17;-0,77;5117441250
BSLI4;12,73;3,23;10,85;2,17;0,12;27,43;5,18;8,61;18,03;19,96;;;0,93;-0,44;-0,13;0,28;19,98;1,09;;0,05;0,95;0,13;5,49;16,26;8018;5,87;1,17;-0,68;5117441250
BTTL4;11091,73;;2733,67;2107,63;664,84;19,65;6,57;5,32;2216,1;2,29;0,38;0,36;145,56;2346,36;-2644,85;1,61;77,1;24,32;48,04;0,32;0,68;4,57;44,52;93,88;;5,26;4,06;193,64;142067030,1
CALI3;9,26;46,65;6,9;7,38;0,15;32,09;14,44;5,2;2,48;10,52;8,04;23,86;0,36;0,3;-0,48;3,58;106,87;2,15;9,96;0,02;0,98;0,41;21,88;3,49;2047,57;1,26;1,34;-0,32;34456191,46
CALI4;50;8,64;37,26;39,82;0,8;32,09;14,44;5,2;13,41;10,52;8,04;23,86;1,94;1,62;-2,57;3,58;106,87;2,15;9,96;0,02;0,98;0,41;21,88;3,49;;1,26;1,34;-1,71;34456191,46
CAMB3;6,46;2,98;4,36;1,72;0,72;44,76;20,4;15,51;3,31;4,56;1,25;0,65;0,68;5,03;-1,38;1,42;39,48;16,44;29,85;0,42;0,59;1,06;-2,78;;143768,73;3,76;1,48;0,01;273097016,8
CAMB4;6,25;2,26;4,22;1,66;0,69;44,76;20,4;15,51;3,2;4,56;1,25;0,65;0,65;4,86;-1,34;1,42;39,48;16,44;29,85;0,42;0,59;1,06;-2,78;;;3,76;1,48;0,01;273097016,8
CAML3;7,42;4,92;5,36;0,86;0,3;20,98;8,22;4,71;3,07;6,69;3,62;1,02;0,25;1,1;-0,7;1,95;16,11;5,66;11,24;0,35;0,65;1,2;12,75;19,19;14447825,07;8,59;1,38;0,02;2597000000
CASH3;0,97;;-12,84;1,08;0,63;-47,13;-47,12;-17,89;-4,87;-0,52;4,36;-0,97;2,3;1,79;-1,91;2,13;-8,42;-4,94;-25,87;0,59;0,4;0,28;;;30745518,07;0,9;-0,08;-0,01;838983980,8
CASN3;15,01;0,23;146,15;7,72;3,37;43,68;16,23;7,31;65,86;58,15;6,9;0,81;10,69;-134,01;-3,84;0,83;5,28;2,3;4,87;0,44;0,56;0,32;5,83;28,01;;1,95;0,1;-4,85;11094218905
CASN4;8,37;0,46;81,5;4,3;1,88;43,68;16,23;7,31;36,72;58,15;6,9;0,81;5,96;-74,73;-2,14;0,83;5,28;2,3;4,87;0,44;0,56;0,32;5,83;28,01;;1,95;0,1;-2,7;11094218905
CATA3;103,61;19,03;0,43;0,1;0,04;28,21;12,55;11,52;0,4;1,51;1,11;0,28;0,05;0,19;-0,11;1,69;23,05;10,37;15,26;0,45;0,55;0,9;1,83;80,31;;1043,71;240,55;0;14940354,78
CATA4;0;;0;0;0;28,21;12,55;11,52;0;1,51;1,11;0,28;0;0;0;1,69;23,05;10,37;15,26;0,45;0,55;0,9;1,83;80,31;;1043,71;240,55;0;14940354,78
CBAV3;10,93;3,51;4,85;1,2;0,53;27,15;35,49;40,99;5,6;6,83;1,23;0,26;1,99;2,37;-0,84;2,57;24,67;10,98;13,39;0,45;0,54;0,27;;;34893636,57;9,15;2,26;-0,01;6512458330
CBEE3;15,93;2,25;-37,55;0,81;0,23;18,31;10,61;-1,23;4,37;9,84;5,47;1,01;0,46;-1,6;-0,29;0,58;-2,15;-0,61;7,75;0,28;0,72;0,49;13,66;;1827,29;19,77;-0,42;0,08;3826544042
CCRO3;11,23;3,39;5,38;1,84;0,45;59,2;54,69;22,86;2,25;4,27;2,02;1,65;1,23;5,56;-0,61;1,47;34,19;8,39;17,14;0,25;0,75;0,37;4,14;19,73;135313406;6,11;2,09;0,01;22684600000
CCXC3;1,16;;-0,1;-0,03;0,39;;;;-2,62;-2,58;0,04;;;-0,03;;0,06;-26,1;-403,26;0,97;-15,45;16,45;0;;;;-45,41;-11,85;0;1973425,64
CEAB3;2,28;;-12,2;0,25;0,08;49,14;2,18;-0,94;5,3;13,92;8,63;0,41;0,12;0,85;-0,14;1,25;-2,07;-0,64;0,52;0,31;0,69;0,68;1,51;;17440916,07;9,04;-0,19;0,1;702798755
CEBR3;11;32,2;4,06;0,85;0,6;60,43;69,42;49,42;2,89;1,06;-1,84;-0,54;2,01;1,33;-1,25;7,35;21,04;14,77;16,48;0,7;0,09;0,3;-30,49;11,68;58687,1;12,88;2,71;-0,05;793985895,8
CEBR5;11,44;30,96;4,22;0,89;0,62;60,43;69,42;49,42;3;1,06;-1,84;-0,54;2,09;1,39;-1,3;7,35;21,04;14,77;16,48;0,7;0,09;0,3;-30,49;11,68;13047,19;12,88;2,71;-0,05;793985895,8
CEBR6;11,03;35,32;4,07;0,86;0,6;60,43;69,42;49,42;2,9;1,06;-1,84;-0,54;2,01;1,34;-1,25;7,35;21,04;14,77;16,48;0,7;0,09;0,3;-30,49;11,68;110521,1;12,88;2,71;-0,05;793985895,8
CEDO3;5,8;;-2,77;0,56;0,07;13,78;4,03;-1,73;1,19;5,54;4,54;2,16;0,05;-0,59;-0,14;0,83;-20,39;-2,38;13,44;0,12;0,87;1,38;13,54;;1118,67;10,28;-2,1;0,01;48469770,88
CEDO4;3,58;;-1,71;0,35;0,04;13,78;4,03;-1,73;0,73;5,54;4,54;2,16;0,03;-0,36;-0,09;0,83;-20,39;-2,38;13,44;0,12;0,87;1,38;13,54;;20965,57;10,28;-2,1;0,01;48469770,88
CEEB3;38,51;16,42;6,27;1,61;0,39;28,15;22,24;11,26;3,17;7,6;3,66;1,86;0,71;7,8;-0,51;1,26;25,78;6,23;15,13;0,24;0,76;0,55;15,08;44,06;15347;23,85;6,15;-1,1;12534203568
CEEB5;30,99;20,4;5,04;1,3;0,31;28,15;22,24;11,26;2,55;7,6;3,66;1,86;0,57;6,28;-0,41;1,26;25,78;6,23;15,13;0,24;0,76;0,55;15,08;44,06;6266;23,85;6,15;-0,89;12534203568
CEEB6;60,68;11,46;9,87;2,54;0,62;28,15;22,24;11,26;5;7,6;3,66;1,86;1,11;12,29;-0,81;1,26;25,78;6,23;15,13;0,24;0,76;0,55;15,08;44,06;;23,85;6,15;-1,74;12534203568
CEED3;35,37;;9,45;-0,87;0,39;18,16;7,89;5,56;6,66;12,32;5,66;;0,53;1012,66;-0,58;1;-9,22;4,11;-284,64;-0,45;1,45;0,74;12,08;;7246,5;-40,61;3,74;-0,07;2414116189
CEED4;35;;9,35;-0,86;0,38;18,16;7,89;5,56;6,59;12,32;5,66;;0,52;1002,06;-0,57;1;-9,22;4,11;-284,64;-0,45;1,45;0,74;12,08;;3500;-40,61;3,74;-0,07;2414116189
CEGR3;88,32;0,81;47,37;17,43;5,58;23,38;15,19;8,32;25,93;26,9;0,98;0,66;3,94;508,01;-7,93;1,04;36,8;11,77;25,23;0,32;0,68;1,42;7,18;10,74;8900;5,07;1,86;2,51;22931204490
CEPE3;125,26;3,43;112,6;6,58;0,7;17,92;10,39;1,04;11,26;18,13;7,72;4,51;1,17;5,78;-0,99;1,68;5,85;0,62;8,7;0,11;0,89;0,59;12,45;;;19,03;1,11;-1,39;8638460289
CEPE5;40,12;10,7;36,07;2,11;0,22;17,92;10,39;1,04;3,61;18,13;7,72;4,51;0,37;1,85;-0,32;1,68;5,85;0,62;8,7;0,11;0,89;0,59;12,45;;6418;19,03;1,11;-0,45;8638460289
CEPE6;43;10,98;38,65;2,26;0,24;17,92;10,39;1,04;3,87;18,13;7,72;4,51;0,4;1,98;-0,34;1,68;5,85;0,62;8,7;0,11;0,89;0,59;12,45;;6183;19,03;1,11;-0,48;8638460289
CESP3;25,55;;843,69;1,1;0,58;29,46;23,05;0,43;15,62;18,17;2,67;0,19;3,6;61,5;-0,63;1,13;0,13;0,07;5,36;0,53;0,47;0,16;6,56;-50,99;140577;23,16;0,03;-8,48;8302192834
CESP5;25;;825,53;1,08;0,57;29,46;23,05;0,43;15,28;18,17;2,67;0,19;3,52;60,18;-0,62;1,13;0,13;0,07;5,36;0,53;0,47;0,16;6,56;-50,99;8894,8;23,16;0,03;-8,29;8302192834
CESP6;25,25;;833,78;1,09;0,57;29,46;23,05;0,43;15,43;18,17;2,67;0,19;3,56;60,78;-0,62;1,13;0,13;0,07;5,36;0,53;0,47;0,16;6,56;-50,99;75751511,28;23,16;0,03;-8,38;8302192834
CGAS3;124;11,29;9,59;9,88;1,27;21,52;15,76;10,42;6,34;8,36;2,02;3,15;1;7,83;-2,17;1,64;103,02;13,23;27,93;0,13;0,87;1,27;15,66;13,72;31120,88;12,55;12,93;-0,62;16432552788
CGAS5;127,95;12,04;9,89;10,19;1,31;21,52;15,76;10,42;6,54;8,36;2,02;3,15;1,03;8,07;-2,24;1,64;103,02;13,23;27,93;0,13;0,87;1,27;15,66;13,72;107621,93;12,55;12,93;-0,64;16432552788
CGRA3;30,37;11,13;5,07;0,73;0,52;54,94;16,17;17,17;5,38;4,45;-0,81;-0,11;0,87;1,97;-0,93;2,51;14,33;10,28;10,25;0,72;0,28;0,6;9,46;12,62;20918,67;41,84;5,99;-0,14;573921359,3
CGRA4;29,16;11,59;4,86;0,7;0,5;54,94;16,17;17,17;5,17;4,45;-0,81;-0,11;0,84;1,89;-0,89;2,51;14,33;10,28;10,25;0,72;0,28;0,6;9,46;12,62;140619,63;41,84;5,99;-0,13;573921359,3
CIEL3;5,35;4,7;10,3;1,05;0,13;41,38;25,11;13,2;5,41;7,19;1,77;0,34;1,36;1,16;-1,09;1,15;10,22;1,29;10,27;0,13;0,87;0,1;-1,62;-19,03;120953492,9;5,09;0,52;0,23;14534960576
CLSA3;4,64;;-10,07;1,18;0,95;29,74;-27,91;-17,67;-6,38;-3,1;3,27;-0,6;1,78;1,59;-3,69;5,03;-11,69;-9,39;-17,65;0,8;0,2;0,53;;;2334915,67;3,94;-0,46;-0,04;871976918,4
CLSC3;48,1;9,71;5,69;0,64;0,16;13,36;6,71;4,19;3,55;6,11;2,47;0,45;0,24;3,29;-0,23;1,19;11,26;2,79;8,32;0,25;0,75;0,66;13,22;;28770,42;75,16;8,46;-0,11;1902073769
CLSC4;50,13;10,25;5,93;0,67;0,17;13,36;6,71;4,19;3,7;6,11;2,47;0,45;0,25;3,43;-0,24;1,19;11,26;2,79;8,32;0,25;0,75;0,66;13,22;;245791,27;75,16;8,46;-0,11;1902073769
CMIG3;16,1;9,52;8,71;1,68;0,65;16,75;13,08;11,65;7,76;7,55;1,44;0,31;1,01;11,31;-0,89;1,27;19,31;7,47;13,9;0,39;0,61;0,64;12,38;64,85;5239361,4;9,57;1,85;-6,95;27909279528
CMIG4;10,96;13,98;5,93;1,14;0,44;16,75;13,08;11,65;5,28;7,55;1,44;0,31;0,69;7,7;-0,61;1,27;19,31;7,47;13,9;0,39;0,61;0,64;12,38;64,85;122039301,6;9,57;1,85;-4,73;27909279528
CMIN3;4,9;18,8;9,66;2,04;1,01;42,3;33,29;23,29;6,76;6,37;-0,39;-0,12;2,25;3,61;-1,81;2,77;21,13;10,5;13,85;0,5;0,5;0,45;;;39746384,77;2,4;0,51;-0,16;26878160306
CMSA3;0;;0;0;0;;;;0;0,23;0,23;-0,93;;0;0;50,48;-387,83;-380,84;-399,26;0,98;0,02;0;;;;0;0;0;0
CMSA4;0;;0;0;0;;;;0;0,23;0,23;-0,93;;0;0;50,48;-387,83;-380,84;-399,26;0,98;0,02;0;;;;0;0;0;0
CNSY3;30,22;;213,77;-32,79;4,84;11,85;10,38;3,48;71,56;83,88;12,32;;7,43;-31,74;-5,48;0,43;-15,34;2,27;4,93;-0,15;1,15;0,65;-8,64;23,61;;-0,92;0,14;-1,94;935885083,9
COCE3;57,24;3,4;8,59;1,2;0,36;18,27;14,95;5,84;3,36;5,64;3,13;1,12;0,5;-5,7;-0,49;0,81;13,98;4,17;14,65;0,3;0,7;0,71;14,63;5,71;8655;47,66;6,66;0,79;3322432443
COCE5;45,91;4,23;6,89;0,96;0,29;18,27;14,95;5,84;2,69;5,64;3,13;1,12;0,4;-4,57;-0,39;0,81;13,98;4,17;14,65;0,3;0,7;0,71;14,63;5,71;2293114,37;47,66;6,66;0,63;3322432443
COCE6;19,17;10,14;2,88;0,4;0,12;18,27;14,95;5,84;1,12;5,64;3,13;1,12;0,17;-1,91;-0,16;0,81;13,98;4,17;14,65;0,3;0,7;0,71;14,63;5,71;;47,66;6,66;0,26;3322432443
COGN3;2,16;;-15,57;0,33;0,15;60,85;7,28;-5,32;11,38;28,2;16,82;0,48;0,83;4,32;-0,19;1,24;-2,1;-0,99;1,63;0,47;0,49;0,19;-1,85;;66313455,23;6,6;-0,14;0,17;4053469414
CORR3;2,71;;-0,09;-0,08;0;99,61;-70,2;-29,46;-0,04;7,92;8,72;;0,03;0;-0,01;30,58;-91,47;-3,35;287,96;-0,04;1,04;0,11;-18,56;;;-31,92;-29,2;0;1278894,65
CORR4;82;;-2,81;-2,57;0,09;99,61;-70,2;-29,46;-1,18;7,92;8,72;;0,83;0,14;-0,33;30,58;-91,47;-3,35;287,96;-0,04;1,04;0,11;-18,56;;;-31,92;-29,2;0,03;1278894,65
CPFE3;30,97;10,47;7,06;2,31;0,54;28,01;22,96;12,78;3,93;6,05;2,12;1,25;0,9;-34,01;-0,69;0,93;32,77;7,66;18,36;0,23;0,76;0,6;15,46;41,19;60438400,17;13,39;4,39;0,49;35685320007
CPLE11;36,36;11,96;22,66;0,95;0,4;21,07;13,04;3,84;6,67;9,68;3,02;0,43;0,87;5,31;-0,51;1,54;4,19;1,76;8,15;0,42;0,57;0,46;12,85;-0,39;11172817,07;38,31;1,6;-0,27;19900218870
CPLE3;6,65;12,11;20,72;0,87;0,37;21,07;13,04;3,84;6,1;9,68;3,02;0,43;0,79;4,86;-0,46;1,54;4,19;1,76;8,15;0,42;0,57;0,46;12,85;-0,39;5971715,7;7,66;0,32;-0,25;19900218870
CPLE5;23;3,85;71,66;3;1,26;21,07;13,04;3,84;21,09;9,68;3,02;0,43;2,75;16,8;-1,61;1,54;4,19;1,76;8,15;0,42;0,57;0,46;12,85;-0,39;21576,89;7,66;0,32;-0,85;19900218870
CPLE6;7,45;11,89;23,21;0,97;0,41;21,07;13,04;3,84;6,83;9,68;3,02;0,43;0,89;5,44;-0,52;1,54;4,19;1,76;8,15;0,42;0,57;0,46;12,85;-0,39;95708954,27;7,66;0,32;-0,27;19900218870
CPRE3;18,23;;8,48;1,98;0,9;61,88;49,09;36,53;6,31;6,87;0,57;0,18;3,1;-22,21;-1,05;0,78;23,31;10,59;22,55;0,45;0,54;0,29;15,78;;;9,22;2,15;-1,75;10824655048
CRDE3;15,98;;-5,53;0,4;0,34;25,89;-127,19;-102,04;-4,44;-3,05;1,39;-0,13;5,65;6,35;-0,4;1,58;-7,22;-6,16;-9,24;0,85;0,15;0,06;-22,1;;2835;40;-2,89;0,09;38706004,94
CREM3;14,5;;32,7;2,45;0,67;30,3;7,39;2,1;9,28;13,11;3,84;1,01;0,69;4,89;-1,69;1,29;7,5;2,05;9,29;0,27;0,73;0,98;1,09;;;5,91;0,44;22,14;465122474
CRFB3;14,22;2,43;12,84;1,5;0,37;18,76;5,32;2,46;5,92;9,52;3,59;0,91;0,32;-15,07;-0,64;0,95;11,65;2,85;10,2;0,24;0,74;1,16;10,34;14,69;90864787,57;9,5;1,11;-0,54;29913835739
CRIV3;5;;-26,06;0,49;0,06;35,53;7,64;-1,53;5,23;5,16;;;0,4;0,3;-0,08;11,93;-1,87;-0,24;;0,13;0,87;0,16;-1,83;;15317,4;10,24;-0,19;0,2;508081837
CRIV4;4,85;9,77;-25,28;0,47;0,06;35,53;7,64;-1,53;5,07;5,16;;;0,39;0,29;-0,08;11,93;-1,87;-0,24;;0,13;0,87;0,16;-1,83;;52182,14;10,24;-0,19;0,2;508081837
CRPG3;50,84;9,35;13,93;1,62;1,26;12,6;10,13;11,61;15,96;9,28;-1,68;-0,17;1,62;2,72;-3;4,91;11,62;9,03;8,91;0,78;0,22;0,78;17,77;4,74;5500;31,4;3,65;-0,22;1013423150
CRPG5;26,35;18,05;7,22;0,84;0,65;12,6;10,13;11,61;8,27;9,28;-1,68;-0,17;0,84;1,41;-1,56;4,91;11,62;9,03;8,91;0,78;0,22;0,78;17,77;4,74;146444,13;31,4;3,65;-0,11;1013423150
CRPG6;27,4;17,35;7,51;0,87;0,68;12,6;10,13;11,61;8,6;9,28;-1,68;-0,17;0,87;1,46;-1,62;4,91;11,62;9,03;8,91;0,78;0,22;0,78;17,77;4,74;29767,6;31,4;3,65;-0,12;1013423150
CSAB3;30,55;3,33;-59,19;1,29;0,61;45;-195,25;-83,63;-25,35;-33,42;;;49,5;4,08;-0,77;3,59;-2,17;-1,03;;0,48;0,52;0,01;-42,66;;3055;23,77;-0,52;0,53;309312000
CSAB4;50;2,24;-96,87;2,1;1;45;-195,25;-83,63;-41,49;-33,42;;;81,01;6,68;-1,27;3,59;-2,17;-1,03;;0,48;0,52;0,01;-42,66;;10448;23,77;-0,52;0,87;309312000
CSAN3;15,66;2,73;20,1;1,88;0,31;23,12;17,22;4,09;4,77;9,86;5,08;2;0,82;2,58;-0,41;1,89;9,33;1,52;6,87;0,16;0,68;0,37;26,99;7,11;160104192,8;8,35;0,78;-0,27;29347950795
CSED3;2,99;4,38;23,7;0,78;0,23;47,12;17,73;2,37;3,17;3,58;0,41;0,1;0,56;2,06;-0,31;1,84;3,28;0,99;13,91;0,3;0,7;0,42;;;2247119,2;3,85;0,13;-0,53;1118399693
CSMG3;14;2,75;8,33;0,74;0,43;35,28;16,58;10,4;5,23;8,2;2,97;0,42;0,87;819,76;-0,5;1;8,89;5,13;7,8;0,58;0,42;0,49;7,89;8,05;22623871,8;18,91;1,68;-0,6;5323542966
CSNA3;17,06;14;9,27;1,07;0,27;31,61;20,71;5,6;2,51;4,87;2,37;1,01;0,52;2,33;-0,44;1,45;11,56;2,95;9,56;0,26;0,71;0,53;22,81;;146189464,1;15,92;1,84;-0,11;22623162736
CSRN3;25,78;15,57;8,28;3,1;0,79;27,52;22,1;14,84;5,56;7,83;2,35;1,31;1,23;-12,97;-1,09;0,82;37,41;9,59;18,97;0,26;0,74;0,65;15,05;25,02;5747,91;8,32;3,11;1,11;4267024610
CSRN5;24,06;18,36;7,73;2,89;0,74;27,52;22,1;14,84;5,19;7,83;2,35;1,31;1,15;-12,11;-1,02;0,82;37,41;9,59;18,97;0,26;0,74;0,65;15,05;25,02;9934,33;8,32;3,11;1,04;4267024610
CSRN6;26,99;16,36;8,67;3,24;0,83;27,52;22,1;14,84;5,82;7,83;2,35;1,31;1,29;-13,58;-1,15;0,82;37,41;9,59;18,97;0,26;0,74;0,65;15,05;25,02;2987,5;8,32;3,11;1,16;4267024610
CSUD3;10,9;8,56;6,67;1,26;0,77;36,51;18,99;12,96;4,55;4,56;0,01;0;0,86;21,13;-1,11;1,14;18,83;11,58;15,97;0,61;0,39;0,89;1,99;14,37;838087,3;8,68;1,63;0,37;455620000
CTCA3;0;;0;0;0;66,43;43,27;32,33;0;-1,71;-1,71;-0,38;0;0;0;3,65;16,78;14,28;13,2;0,85;0,15;0,44;25,98;60,33;;2,47;0,41;0;0
CTKA3;21,46;;-8,68;-0,82;0,22;35,6;3,99;-2,5;5,43;26,37;22,58;;0,22;0,79;-0,7;1,7;-9,46;-2,56;5,3;-0,27;1,27;1,02;12,05;;4292;-26,13;-2,47;0,07;92811189,27
CTKA4;9,33;;-3,77;-0,36;0,1;35,6;3,99;-2,5;2,36;26,37;22,58;;0,09;0,34;-0,3;1,7;-9,46;-2,56;5,3;-0,27;1,27;1,02;12,05;;4406,88;-26,13;-2,47;0,03;92811189,27
CTNM3;5;;-0,82;0,25;0,04;28,53;1,27;-9,39;6,07;49,46;45,61;1,87;0,08;-1,79;-0,07;0,95;-30,32;-4,63;0,18;0,15;0,72;0,49;-3,61;;1309,5;20,06;-6,08;-0,01;96990797,48
CTNM4;1,64;;-0,27;0,08;0,01;28,53;1,27;-9,39;1,99;49,46;45,61;1,87;0,03;-0,59;-0,02;0,95;-30,32;-4,63;0,18;0,15;0,72;0,49;-3,61;;26680,4;20,06;-6,08;0;96990797,48
CTSA3;2,3;;-1,86;0,23;0,1;10,14;-3,75;-7,12;-3,53;-10,59;-7,06;0,46;0,13;-1,78;-0,15;0,84;-12,34;-5,57;-8,29;0,45;0,55;0,78;9,79;;6806,2;10,05;-1,24;0,01;63996996,3
CTSA4;1,55;;-1,25;0,15;0,07;10,14;-3,75;-7,12;-2,38;-10,59;-7,06;0,46;0,09;-1,2;-0,1;0,84;-12,34;-5,57;-8,29;0,45;0,55;0,78;9,79;;24105,1;10,05;-1,24;0,01;63996996,3
CTSA8;0;;0;0;0;10,14;-3,75;-7,12;0;-10,59;-7,06;0,46;0;0;0;0,84;-12,34;-5,57;-8,29;0,45;0,55;0,78;9,79;;;10,05;-1,24;0;63996996,3
CURY3;12,76;5,66;10,89;5,74;1,28;36,97;20,35;15,77;8,44;7,81;-0,64;-0,43;1,72;4,9;-4,84;1,55;52,72;11,72;32,53;0,22;0,73;0,74;;;17401417,1;2,22;1,17;0,05;3724326123
CVCB3;3,79;;-2,17;2,53;0,23;100;-13,42;-39,85;-6,45;-8,22;-1,77;0,69;0,87;-1,12;-0,54;0,73;-116,29;-10,76;-18,08;0,09;0,91;0,27;-4,94;;88502353,73;1,5;-1,75;0;1050767301
CXSE3;8,38;7,74;9,86;2,14;2,11;;;;8,69;8,25;-0,44;-0,11;;19,63;-2,4;9,23;21,69;21,41;21,12;0,99;0,01;0;;18,54;14506904,17;3,92;0,85;0,24;25140000000
CYRE3;15,15;3,73;7,4;0,93;0,41;32,54;17,75;15,28;6,37;8,1;1,73;0,25;1,13;1,14;-0,91;2,9;12,63;5,55;7,54;0,44;0,52;0,36;8,44;40,16;115529157;16,22;2,05;-0,51;6056103405
DASA3;9,45;1,03;-15,6;0,71;0,21;28,99;6,26;-2,71;6,75;16,13;9,38;0,98;0,42;3,43;-0,29;1,29;-4,54;-1,35;3,94;0,3;0,7;0,5;27,93;;3349395,67;13,33;-0,61;-0,02;5297464595
DESK3;8,9;0,16;16,75;0,84;0,32;57,26;27,45;7,29;4,45;7,75;3,3;0,63;1,22;9,48;-0,39;1,23;5,03;1,92;9,56;0,38;0,61;0,26;;;1510875,23;10,55;0,53;0,12;776680198,2
DEXP3;7,89;4,88;5,56;1,41;0,56;17,7;10,18;6,13;3,35;4,3;0,97;0,41;0,34;1,35;-1,6;2,75;25,35;10,07;22,04;0,4;0,52;1,64;32,29;20,48;1029099,7;5,6;1,42;-0,17;736803038,9
DEXP4;7,03;5,77;4,95;1,26;0,5;17,7;10,18;6,13;2,98;4,3;0,97;0,41;0,3;1,21;-1,42;2,75;25,35;10,07;22,04;0,4;0,52;1,64;32,29;20,48;61062,7;5,6;1,42;-0,15;736803038,9
DIRR3;15,95;7,34;13,56;1,76;0,39;35,38;17,6;8,34;6,43;7,31;0,88;0,24;1,13;0,98;-0,82;3,92;13;2,84;10,81;0,22;0,75;0,34;5,52;;29075895,8;9,05;1,18;1,01;2392500000
DMMO3;1,76;;-258,65;-1,88;2,76;54,54;8,16;-1,1;34,96;32,11;-2,85;;2,85;9,24;-6,66;2,04;-0,73;-1,07;-5,39;-1,47;2,47;0,97;-1,34;;4084154,8;-0,93;-0,01;2,52;949254731
DMVF3;3,84;;9,52;0,23;0,13;32,2;2,15;1,46;6,45;5,65;-0,8;-0,03;0,14;2,91;-0,19;1,2;2,41;1,41;1,57;0,59;0,41;0,97;;;178380,2;16,73;0,4;0,03;194314913,3
DOHL3;10;1,2;35,05;1,07;0,8;22,36;2,26;3,37;52,14;45,45;1,82;0,04;1,18;1,82;-1,68;5,83;3,05;2,27;1,61;0,75;0,25;0,67;9,46;6,91;1000;9,37;0,29;-0,42;632988229,1
DOHL4;4,17;3,17;14,61;0,45;0,33;22,36;2,26;3,37;21,74;45,45;1,82;0,04;0,49;0,76;-0,7;5,83;3,05;2,27;1,61;0,75;0,25;0,67;9,46;6,91;7934;9,37;0,29;-0,17;632988229,1
DOTZ3;0,88;;-1,31;-0,86;0,28;89,8;-73,5;-65,7;-1,17;0,06;1,23;;0,86;-1,86;-0,82;0,82;-65,88;-21,1;394,7;-0,32;1,32;0,32;;;92138,87;-1,02;-0,67;-0,02;116220149,8
DTCY3;5;;-14,3;-24,35;4,51;13,15;-47,85;-49,64;-14,83;-21,58;0,17;;7,1;-15,4;-7,09;0,55;-170,25;-31,53;471,95;-0,19;1,19;0,64;-8,48;;2397,5;-0,21;-0,35;1,2;81613383
DTCY4;62,6;;-179,04;-304,82;56,45;13,15;-47,85;-49,64;-185,72;-21,58;0,17;;88,87;-192,81;-88,71;0,55;-170,25;-31,53;471,95;-0,19;1,19;0,64;-8,48;;;-0,21;-0,35;14,96;81613383
DXCO3;6,88;4,93;5,11;0,98;0,37;34,82;15,97;12,88;4,12;6,75;2,63;0,62;0,66;3,54;-0,58;1,41;19,09;7,27;11,26;0,38;0,62;0,56;15,88;116,62;31736268,43;7,06;1,35;-0,23;5758967612
EALT3;9,2;2,96;4,79;1,01;0,4;23,54;12,74;8,88;3,34;4,81;1,91;0,58;0,43;-16,35;-0,64;0,94;21,11;8,26;16,93;0,39;0,61;0,93;26,85;;4915;9,1;1,92;0,1;179332500
EALT4;7,03;4,27;3,66;0,77;0,3;23,54;12,74;8,88;2,55;4,81;1,91;0,58;0,33;-12,5;-0,49;0,94;21,11;8,26;16,93;0,39;0,61;0,93;26,85;;180670,07;9,1;1,92;0,08;179332500
ECOR3;3,87;0,2;18,49;1,2;0,15;30,72;24,54;2,68;2,02;9,15;7,13;4,22;0,5;-3,91;-0,18;0,81;6,47;0,81;7,7;0,12;0,86;0,3;10,46;;21500953,17;3,24;0,21;-0,12;2694813447
ECPR3;90,25;;-9,87;1,21;0,62;;;;-17,12;-17,09;0,08;-0,01;;174,62;-0,62;2,97;-12,28;-6,29;-7,36;0,51;0,49;0;;;;74,46;-9,14;0,14;171908947,3
ECPR4;90,74;;-9,92;1,22;0,62;;;;-17,21;-17,09;0,08;-0,01;;175,57;-0,63;2,97;-12,28;-6,29;-7,36;0,51;0,49;0;;;9036,67;74,46;-9,14;0,14;171908947,3
EEEL3;294,77;42,83;16,73;2,19;0,66;63,89;31,88;13,96;7,33;9,22;1,85;0,55;2,34;3,89;-0,9;2,91;13,07;3,97;4,62;0,3;0,7;0,28;-8,6;-28,71;;134,74;17,61;-0,27;2864486064
EEEL4;410;33,87;23,28;3,04;0,92;63,89;31,88;13,96;10,19;9,22;1,85;0,55;3,25;5,41;-1,25;2,91;13,07;3,97;4,62;0,3;0,7;0,28;-8,6;-28,71;100734,67;134,74;17,61;-0,38;2864486064
EGIE3;38,03;7,86;16,77;3,86;0,78;52,31;43,75;15,99;6,13;9,07;2,94;1,85;2,68;16,06;-1,02;1,26;23;4,66;17,82;0,2;0,8;0,29;14,25;3,64;65461331,8;9,86;2,27;-0,63;31029731952
EKTR3;36,96;19,13;6,72;2,35;0,69;26,22;22,02;12,43;3,8;5,99;2,19;1,36;0,84;6,48;-1,03;1,48;35,02;10,29;17,99;0,29;0,71;0,83;12,33;24,81;5961,57;15,69;5,5;0,17;7165417566
EKTR4;37;21,02;6,73;2,36;0,69;26,22;22,02;12,43;3,8;5,99;2,19;1,36;0,84;6,49;-1,03;1,48;35,02;10,29;17,99;0,29;0,71;0,83;12,33;24,81;13678,9;15,69;5,5;0,17;7165417566
ELEK3;19,11;;24,46;2,66;1,07;11,39;2,82;2,53;21,94;38,76;5,75;0,7;0,62;3,75;-2,6;1,94;10,87;4,36;4,38;0,4;0,6;1,72;1,48;;;7,19;0,78;-0,35;905051916,3
ELEK4;36,99;;47,34;5,15;2,07;11,39;2,82;2,53;42,48;38,76;5,75;0,7;1,2;7,26;-5,02;1,94;10,87;4,36;4,38;0,4;0,6;1,72;1,48;;;7,19;0,78;-0,68;905051916,3
ELET3;37,03;2,09;18,16;0,76;0,32;56,99;24,48;12,5;9,27;13,24;3,9;0,32;2,27;4,53;-0,38;1,76;4,21;1,76;4,52;0,42;0,58;0,14;-9,01;6,5;436938516,8;48,45;2,04;-0,67;85844663326
ELET5;62,46;3,45;30,62;1,29;0,54;56,99;24,48;12,5;15,63;13,24;3,9;0,32;3,83;7,64;-0,64;1,76;4,21;1,76;4,52;0,42;0,58;0,14;-9,01;6,5;9369;48,45;2,04;-1,14;85844663326
ELET6;39,28;4,11;19,26;0,81;0,34;56,99;24,48;12,5;9,83;13,24;3,9;0,32;2,41;4,8;-0,41;1,76;4,21;1,76;4,52;0,42;0,58;0,14;-9,01;6,5;101957236,9;48,45;2,04;-0,72;85844663326
ELMD3;12,2;;-208,29;2,32;0,88;32,37;11,24;-1,17;21,71;28,7;7;0,75;2,44;-11,53;-1,04;0,67;-1,11;-0,42;4,51;0,38;0,55;0,36;;;3814468,7;5,26;-0,06;2,66;1707801787
ELPL3;8,31;;1,25;0,95;0,05;23,33;15,46;6,75;0,55;2,76;2,21;3,86;0,08;2,14;-0,07;1,09;76,01;4,1;27,43;0,05;0,95;0,61;12,36;;;8,73;6,64;-0,16;1640949623
EMAE3;25,35;3,16;8,99;1,01;0,5;30,21;2,26;19,48;77,58;87,7;-32,3;-0,42;1,75;1,85;-0,74;5,49;11,23;5,51;-0,76;0,49;0,51;0,28;20,69;13,63;;25,09;2,82;-0,15;1448835253
EMAE4;48,38;1,82;17,16;1,93;0,95;30,21;2,26;19,48;148,06;87,7;-32,3;-0,42;3,34;3,53;-1,41;5,49;11,23;5,51;-0,76;0,49;0,51;0,28;20,69;13,63;322272,9;25,09;2,82;-0,3;1448835253
EMBR3;16,12;;-11,24;0,9;0,22;18,77;-4,72;-5,24;-12,46;-20,62;-8,16;0,59;0,59;0,91;-0,51;1,77;-7,98;-1,98;-3,38;0,25;0,73;0,38;1,13;;117922606;17,98;-1,43;-0,04;11936296509
ENAT3;14,54;11,75;4,33;0,97;0,63;41,49;65,2;40,46;2,69;1,98;-0,71;-0,26;1,75;5,26;-0,9;1,69;22,4;14,63;22,43;0,65;0,35;0,36;30,52;42,3;15454370,97;14,98;3,36;0,11;3864832399
ENBR3;19,95;12,81;5,21;0,98;0,31;27,89;24,96;12,38;2,58;4,95;2,37;0,9;0,64;3,48;-0,43;1,48;18,91;5,98;13,67;0,32;0,65;0,48;15,05;27,29;75176714,97;20,27;3,83;0,6;11594247097
ENEV3;11,7;;17,5;1,34;0,57;35,01;32,61;19,28;10,35;13,51;3,16;0,41;3,37;2,77;-0,9;2,34;7,64;3,28;5,56;0,43;0,57;0,17;18,85;;115778655,7;8,75;0,67;-0,77;18538020821
ENGI11;40,63;2,86;7,06;1,42;0,28;26,61;21,65;8,6;2,81;6,51;3,7;1,87;0,61;5,86;-0,37;1,22;20,11;3,93;12,38;0,2;0,78;0,46;17,81;72,25;117721886,5;28,6;5,75;-1,93;16569617224
ENGI3;13,11;1,77;11,39;2,29;0,45;26,61;21,65;8,6;4,53;6,51;3,7;1,87;0,98;9,46;-0,6;1,22;20,11;3,93;12,38;0,2;0,78;0,46;17,81;72,25;221361,03;5,72;1,15;-3,11;16569617224
ENGI4;6,84;3,39;5,94;1,2;0,23;26,61;21,65;8,6;2,36;6,51;3,7;1,87;0,51;4,93;-0,32;1,22;20,11;3,93;12,38;0,2;0,78;0,46;17,81;72,25;264536,53;5,72;1,15;-1,62;16569617224
ENJU3;0,8;;-1,72;0,41;0,36;32,57;-90,79;-69,36;-1,31;1,49;2,81;-0,88;1,19;0,48;-2,51;7,98;-23,88;-20,92;-31,26;0,88;0,12;0,3;;;1090378,4;1,95;-0,47;0,17;160194547,2
ENMA3B;50,49;4,02;13,96;2,62;1,05;30,5;17,89;11,69;9,12;;1,54;0,44;1,63;12,62;-1,5;1,37;18,78;7,49;15,45;0,4;0,6;0,64;11,48;8,23;;19,26;3,62;-0,47;
ENMA6B;83,99;2,42;23,23;4,36;1,74;30,5;17,89;11,69;15,18;;1,54;0,44;2,71;21;-2,5;1,37;18,78;7,49;15,45;0,4;0,6;0,64;11,48;8,23;;19,26;3,62;-0,78;
ENMT3;80,6;4,39;14,57;5,16;1,48;29,95;25,13;16,24;9,41;11,63;2,08;1,14;2,37;19,62;-1,99;1,42;35,45;10,17;19,83;0,29;0,71;0,63;16,93;56,02;64416,6;15,61;5,53;2,92;17919203397
ENMT4;82,5;4,29;14,91;5,29;1,52;29,95;25,13;16,24;9,63;11,63;2,08;1,14;2,42;20,09;-2,04;1,42;35,45;10,17;19,83;0,29;0,71;0,63;16,93;56,02;34900,6;15,61;5,53;2,99;17919203397
EPAR3;9,56;21,12;2,36;1,82;0,57;19,65;6,57;5,32;1,91;2,29;0,38;0,36;0,13;2,02;-2,28;1,61;77,1;24,32;48,04;0,32;0,68;4,57;44,52;93,88;15544,78;5,26;4,06;0,17;142067030,1
EQPA3;6,17;7,88;9,85;3,13;1,07;32,24;22,63;16,01;6,97;8,15;1,18;0,53;1,58;8,1;-1,7;1,56;31,8;10,88;19,7;0,34;0,66;0,68;12,16;31,52;28079,67;1,97;0,63;0,21;13649180941
EQPA5;8,64;5,62;13,8;4,39;1,5;32,24;22,63;16,01;9,76;8,15;1,18;0,53;2,21;11,34;-2,38;1,56;31,8;10,88;19,7;0,34;0,66;0,68;12,16;31,52;864;1,97;0,63;0,29;13649180941
EQPA6;10,48;4,64;16,74;5,32;1,82;32,24;22,63;16,01;11,84;8,15;1,18;0,53;2,68;13,75;-2,89;1,56;31,8;10,88;19,7;0,34;0,66;0,68;12,16;31,52;;1,97;0,63;0,35;13649180941
EQPA7;8;6,07;12,78;4,06;1,39;32,24;22,63;16,01;9,04;8,15;1,18;0,53;2,05;10,5;-2,2;1,56;31,8;10,88;19,7;0,34;0,66;0,68;12,16;31,52;8500;1,97;0,63;0,27;13649180941
EQTL3;26,75;2,39;12,94;1,86;0,43;31,25;20,54;8,56;5,39;9,56;4,16;1,43;1,11;4,71;-0,57;1,54;14,34;3,29;9,14;0,23;0,74;0,38;24,97;26,81;193379024,7;14,42;2,07;-0,35;30209188421
ESPA3;1,21;;-43,48;0,62;0,2;33,23;13,92;-1,23;3,84;10,76;6,92;1,12;0,54;7,06;-0,31;1,09;-1,43;-0,46;5,67;0,32;0,68;0,38;;;5485544,83;1,94;-0,03;0,42;437321909,9
ESTR3;17,8;;-0,38;-0,03;0,05;43,51;15,58;-23,04;0,56;4,92;3,89;;0,09;-0,03;-0,12;0,26;-7,76;-12,43;-5,39;-1,6;2,6;0,54;4,9;;;-605,44;-47,01;0;26346821
ESTR4;39,99;;-0,85;-0,07;0,11;43,51;15,58;-23,04;1,26;4,92;3,89;;0,2;-0,06;-0,26;0,26;-7,76;-12,43;-5,39;-1,6;2,6;0,54;4,9;;11997;-605,44;-47,01;-0,01;26346821
ETER3;13,65;7,35;4,77;1,28;0,71;35,44;19,76;15,19;3,67;3,72;0,05;0,02;0,72;1,96;-1,77;2,55;26,81;14,9;23,98;0,56;0,44;0,98;6,3;;6467985,07;10,68;2,86;-0,1;843250248,8
EUCA3;10,49;6,85;2,66;0,47;0,26;32,65;15,64;14,16;2,41;3,7;1,22;0,24;0,38;1,65;-0,42;1,75;17,72;9,92;13,58;0,56;0,44;0,7;16,44;61,2;218246,11;22,27;3,95;0,19;1002256773
EUCA4;10,99;7,19;2,78;0,49;0,28;32,65;15,64;14,16;2,52;3,7;1,22;0,24;0,39;1,72;-0,44;1,75;17,72;9,92;13,58;0,56;0,44;0,7;16,44;61,2;1348596,07;22,27;3,95;0,2;1002256773
EVEN3;4,59;3,27;6,67;0,5;0,15;24,3;7,41;6,17;5,55;4,05;-1,5;-0,14;0,41;0,35;-0,54;2,48;7,54;2,26;3,85;0,3;0,57;0,37;5,48;139,11;5860249,5;9,13;0,69;0,15;973080000
EZTC3;13,26;5,87;8,01;0,66;0,53;38,96;26,84;37,06;11,06;9,51;-1,56;-0,09;2,97;1,51;-0,93;5,47;8,18;6,63;4,63;0,81;0,18;0,18;10,85;9,7;34894434,5;20,23;1,65;-0,3;2930315506
FBMC3;0;;0;0;0;-60,76;-92,67;-101,97;0;-0,74;-0,67;;0;0;0;0,31;-24,19;-36,57;25,82;-1,51;2,51;0,36;-18,14;;;-87,48;-21,16;0;904253,84
FBMC4;1,96;;-0,09;-0,02;0,03;-60,76;-92,67;-101,97;-0,1;-0,74;-0,67;;0,09;-0,04;-0,05;0,31;-24,19;-36,57;25,82;-1,51;2,51;0,36;-18,14;;;-87,48;-21,16;0;904253,84
FESA3;58,29;8,39;4,49;1,69;1,3;50,23;41,83;36,91;3,96;3,56;-0,38;-0,16;1,66;4,04;-2,28;3,94;37,72;28,87;32,81;0,77;0,23;0,78;16,87;75,11;23163,33;34,43;12,99;0,03;5120499200
FESA4;57,82;9,3;4,45;1,68;1,29;50,23;41,83;36,91;3,93;3,56;-0,38;-0,16;1,64;4;-2,26;3,94;37,72;28,87;32,81;0,77;0,23;0,78;16,87;75,11;8775159,2;34,43;12,99;0,03;5120499200
FHER3;17,3;;2,65;2,11;0,3;11,31;7,54;6,08;2,14;2,58;0,44;0,43;0,16;1,11;-1,25;1,57;79,53;11,49;52,74;0,14;0,86;1,89;-3,75;52,1;1758654,33;8,21;6,53;0,11;931731013,2
FIGE3;12,03;0,21;2,74;0,19;0,19;100;93,54;47,68;1,4;0,47;;;1,31;14219,08;-0,19;;6,99;6,87;;0,98;0,02;0,14;1,92;-3,03;902,5;62,74;4,39;0,05;9529251,72
FIGE4;0;;0;0;0;100;93,54;47,68;0;0,47;;;0;0;0;;6,99;6,87;;0,98;0,02;0,14;1,92;-3,03;;62,74;4,39;0;9529251,72
FIQE3;3,1;2,72;9,3;1,13;0,59;47,09;25,34;19,13;7,02;5,53;-1,49;-0,24;1,78;2,87;-0,99;2,05;12,14;6,36;8,63;0,52;0,48;0,33;;;725651,27;2,75;0,33;0,14;1122353788
FLEX3;0;;0;0;0;24,43;-19,92;-42,5;0;-1,31;-1,31;;0;0;0;0,77;-425,18;-49,92;-122,57;-0,12;1,12;1,17;1,44;;;-14,25;-60,58;0;0
FLRY3;14,5;6,93;15,31;2,78;0,78;28,29;17,9;7,97;6,81;10,45;3,64;1,48;1,22;10,56;-1,07;1,38;18,16;5,13;11,83;0,28;0,72;0,64;13,06;8,74;45596487,4;5,21;0,95;-0,9;5324357892
FNCN3;14,25;;3,54;0,93;0,84;100;-47,99;130,53;-9,63;-9,63;;;4,62;2,05;-1,72;4,97;26,38;23,66;;0,9;0,1;0,18;-19,89;;55843,33;15,25;4,02;-0,01;13021336,5
FRAS3;10,31;3,41;14,52;1,55;0,74;28,9;10,45;6,4;8,89;8,62;-0,27;-0,05;0,93;1,83;-1,94;2,92;10,66;5,11;9,66;0,48;0,52;0,8;26,01;24,43;2918335,3;6,66;0,71;-0,37;2783868496
FRIO3;25,3;;-1,69;-0,47;0,06;18,12;8,99;-2,95;0,56;6,42;5,87;;0,05;-0,26;-0,18;0,76;-27,53;-3,36;12,54;-0,12;1,1;1,14;15,09;;6323;-54,31;-14,95;-0,07;103900876,2
FRTA3;2,55;;0,86;-0,08;0,18;127,38;44,53;85,22;1,65;20,72;19,07;;0,74;-0,06;-0,19;0,03;-8,89;20,43;-42,5;-2,3;3,3;0,24;-19,18;;4006,89;-33,22;2,95;-0,01;5236695,3
FTRT3B;0;;0;0;0;;;;0;0;0;0;;0;0;0;-0,95;-0,9;-2,42;0,95;0,05;0;;;;0,01;0;0;0
G2DI33;2,06;;-0,92;0,32;0,28;29,87;33,83;34,4;-0,94;-1,12;-0,18;0,06;;-4,59;-0,3;0,54;-34,34;-29,89;-29,61;0,87;0,13;-0,87;;;367978,43;6,49;-2,23;0,01;237016159,3
GBIO33;10,4;;-14,97;1,32;0,79;43,48;3,79;-10,14;40,09;47,57;7,48;0,25;1,52;7,57;-1,43;1,31;-8,83;-5,29;-0,1;0,6;0,4;0,52;12,83;;;7,86;-0,69;0,06;1108871982
GEPA3;25,59;9,37;16,23;1,17;0,64;29,78;28,6;11;6,24;8,19;2,02;0,38;1,79;-5,28;-0,71;0,44;7,22;3,96;11,02;0,55;0,45;0,36;0,2;-16,23;7590,6;21,85;1,58;-0,23;2385699506
GEPA4;25,1;9,55;15,92;1,15;0,63;29,78;28,6;11;6,12;8,19;2,02;0,38;1,75;-5,18;-0,7;0,44;7,22;3,96;11,02;0,55;0,45;0,36;0,2;-16,23;19753,59;21,85;1,58;-0,23;2385699506
GETT11;4,81;2,14;15,12;2,48;0,16;41,43;18,41;17,71;14,55;;0,99;0,17;2,68;6,28;-3,92;1,03;16,41;1,07;10,57;0,07;0,93;0,06;;;1078155,63;1,94;0,32;0,13;
GETT3;2,4;2,05;7,55;1,24;0,08;41,43;18,41;17,71;7,26;;0,99;0,17;1,34;3,13;-1,96;1,03;16,41;1,07;10,57;0,07;0,93;0,06;;;75696,11;1,94;0,32;0,07;
GETT4;2,4;2,05;7,55;1,24;0,08;41,43;18,41;17,71;7,26;;0,99;0,17;1,34;3,13;-1,96;1,03;16,41;1,07;10,57;0,07;0,93;0,06;;;87049,26;1,94;0,32;0,07;
GFSA3;9,81;;-16,45;0,29;0,09;16,71;10,51;-2,95;4,62;19,73;15,11;0,94;0,49;0,26;-0,27;1,93;-1,75;-0,52;-0,03;0,3;0,7;0,18;-2,22;;135202524;34,05;-0,6;0,11;501682625
GGBR3;23,97;15,14;2,91;0,82;0,5;24,43;23;16,01;2,03;2,49;0,22;0,09;0,47;1,92;-0,95;2,25;27,99;17,26;25,44;0,62;0,38;1,08;15,78;;1020887,9;29,39;8,23;0,49;44902713160
GGBR4;28,32;12,82;3,44;0,96;0,59;24,43;23;16,01;2,4;2,49;0,22;0,09;0,55;2,27;-1,12;2,25;27,99;17,26;25,44;0,62;0,38;1,08;15,78;;336681866,7;29,39;8,23;0,58;44902713160
GGPS3;11,83;;17,33;3,28;1,11;16,13;9,27;5,28;9,87;10,5;0,63;0,21;0,92;4,28;-2,27;2,03;18,92;6,41;13,31;0,34;0,66;1,21;;;15547216,1;3,61;0,68;3,05;7922655518
GMAT3;6,36;;14,82;1,97;1,13;22,39;5,97;4,71;11,68;13,72;2,05;0,34;0,7;2,47;-3,12;3,57;13,26;7,65;11,29;0,58;0,42;1,63;;;40844582,97;3,24;0,43;0,55;14051441062
GNDI3;66,95;;-3584,81;5,84;2,38;18,55;3,28;-0,1;104,45;109,34;4,9;0,27;3,42;79,65;-3,01;1,17;-0,16;-0,07;2,22;0,41;0,59;0,69;29,03;;;11,47;-0,02;35,34;41526443086
GOAU3;11,84;10,56;2,6;0,73;0,15;24,43;22,94;5,47;0,62;0,84;0,19;0,23;0,14;0,57;-0,29;2,28;28,16;5,86;25,12;0,21;0,38;1,07;15,78;;1604901,57;16,15;4,55;0,26;12661974769
GOAU4;12,47;10,02;2,74;0,77;0,16;24,43;22,94;5,47;0,65;0,84;0,19;0,23;0,15;0,6;-0,31;2,28;28,16;5,86;25,12;0,21;0,38;1,07;15,78;;102866550;16,15;4,55;0,28;12661974769
GOLL4;6,29;;-4,37;-0,93;1,22;7,02;-13,61;-34,36;-11,04;-7,42;-5,98;;1,5;-1,9;-1,5;0,23;-21,18;-27,89;17,72;-1,32;2,32;0,81;-5,51;;84363890,23;-6,79;-1,44;-0,87;2633327854
GPAR3;45;33,67;4,13;3;2,73;82,93;608,39;452,68;3,07;2,42;-0,65;-0,64;18,69;5,06;-7;8,74;72,59;66,13;62,8;0,91;0,09;0,15;-9,31;-10,07;7500;15,01;10,9;0,01;3506779440
GPIV33;2,55;;-0,27;0,08;0,03;100;127,34;86,38;-0,18;0,91;1,09;-0,46;;0,17;-0,05;5;-28,56;-12,64;-22,78;0,44;0,21;-0,15;6,19;;74402,67;32,88;-9,39;0;109164895,7
GRAO3;0;;0;0;0;-1,07;3,48;2,2;0;1,14;1,14;27,07;0;0;0;0,95;1499,09;10,19;23,45;0,01;0,97;4,62;;;;0,07;1,03;0;0
GRND3;6,33;4,83;9,58;1,34;1,21;40,49;11,25;23,48;19,99;16,4;-3,59;-0,24;2,25;2,25;-3,21;7,35;13,96;12,62;5,93;0,9;0,1;0,54;2,75;-1,24;8686792,23;4,73;0,66;-0,78;5710672800
GSHP3;16,8;;-0,19;-0,04;0,02;71,96;38,61;-113,63;0,55;28,95;28,4;;0,21;-1,51;-0,03;0,92;-21,19;-11,42;3,61;-0,54;1,54;0,1;-12,81;;16254,08;-427,06;-90,49;0;32403319,2
GUAR3;4,33;3,24;8,5;0,42;0,15;57,86;5,82;3,04;4,44;9,31;4,87;0,46;0,26;0,8;-0,38;1,46;4,93;1,8;4,28;0,37;0,63;0,59;4,05;-4,34;13668443,63;10,34;0,51;-0,17;2161536000
HAGA3;2,66;;8,85;-0,5;0,54;19,89;11,89;12,53;9,32;2,7;-2,91;;1,11;1,52;-3,2;1,74;-5,67;6,07;-6,27;-1,07;2,07;0,48;9,48;1,81;26413,87;-5,3;0,3;-0,14;19040000,53
HAGA4;1,07;;3,56;-0,2;0,22;19,89;11,89;12,53;3,75;2,7;-2,91;;0,45;0,61;-1,29;1,74;-5,67;6,07;-6,27;-1,07;2,07;0,48;9,48;1,81;15714,27;-5,3;0,3;-0,06;19040000,53
HAPV3;4,54;;-124,49;0,66;0,45;25,21;0,5;-1,31;323,85;388,2;64,35;0,13;1,63;71,7;-0,5;1,06;-0,53;-0,36;-0,56;0,68;0,32;0,27;26,62;;303496896,4;6,88;-0,04;0,75;32434921073
HBOR3;2,07;8,73;5,14;0,2;0,05;27,7;11,84;6,35;2,76;15,82;13,06;0,96;0,33;0,14;-0,14;2,95;3,95;1,06;2,3;0,27;0,61;0,17;1;;3506716,3;10,18;0,4;-0,1;277071719
HBRE3;4;;2,3;0,22;0,11;83,48;255,07;135,31;1,22;3,33;2,11;0,38;3,11;1,58;-0,12;2,16;9,55;4,72;8,44;0,49;0,38;0,03;;;546177,9;18,23;1,74;-0,01;412755924
HBSA3;1,81;;-35,19;1,02;0,22;28,69;14,86;-2,6;6,16;24,37;18,21;3,01;0,91;2,18;-0,27;1,97;-2,89;-0,61;3,06;0,21;0,79;0,24;23,22;;11150022,67;1,78;-0,05;0,53;1376292584
HBTS5;30,05;4,68;24,77;0,56;0,2;90,77;-6,44;6,79;-26,13;-44,78;-18,64;0,4;1,68;6,66;-0,22;1,38;2,27;0,81;-4,63;0,35;0,65;0,12;37,96;;4650;53,33;1,21;-0,26;274467294,4
HETA3;96;;-40,87;-0,09;4,36;100;92,5;-38,58;17,05;119,22;113,02;;15,77;-0,58;-4,95;0,02;-0,22;-10,66;-1,24;-49,56;50,56;0,28;-0,71;;19200;-1092,26;-2,35;0,41;17824092,1
HETA4;4,1;;-1,75;0;0,19;100;92,5;-38,58;0,73;119,22;113,02;;0,67;-0,02;-0,21;0,02;-0,22;-10,66;-1,24;-49,56;50,56;0,28;-0,71;;948,13;-1092,26;-2,35;0,02;17824092,1
HGTX3;37,5;;101,99;3,57;2,48;40,58;-0,59;4,1;-707,65;-713,65;-5,99;0,03;4,18;7,5;-5,59;2,47;3,51;2,43;-7,32;0,69;0,31;0,59;-7,54;-26,63;;10,49;0,37;-1,23;6095022638
HOOT3;0;;0;0;0;65,92;159,14;124,56;0;0,02;-0,05;;0;0;0;0,05;-22,15;23,81;-24,55;-1,08;2,14;0,19;-20,33;;;-27,26;6,04;0;9394447,86
HOOT4;1,19;;0,2;-0,04;0,05;65,92;159,14;124,56;0,15;0,02;-0,05;;0,25;-0,03;-0,05;0,05;-22,15;23,81;-24,55;-1,08;2,14;0,19;-20,33;;4225,83;-27,26;6,04;0;9394447,86
HYPE3;45,5;2,71;17,78;2,75;1,28;63,23;33;22,99;12,39;15,24;2,85;0,63;4,09;8,7;-1,91;1,8;15,45;7,19;11,64;0,47;0,53;0,31;12,96;6,6;161949497,4;16,57;2,56;0,7;28820647447
IDVL3;2,16;;-0,99;0,93;0,06;-18,91;-40,19;-154,6;-3,81;-3,84;;;1,53;0,48;-0,13;1,26;-94,38;-5,67;;0,06;0,94;0,04;-32,17;;;2,31;-2,18;0;224007574,4
IDVL4;2,67;;-1,22;1,16;0,07;-18,91;-40,19;-154,6;-4,71;-3,84;;;1,89;0,59;-0,16;1,26;-94,38;-5,67;;0,06;0,94;0,04;-32,17;;;2,31;-2,18;0;224007574,4
IFCM3;2,34;;-3,92;0,56;0,26;43,23;-8,66;-27,41;-12,42;-17,13;-4,71;0,21;1,08;5,6;-0,39;1,15;-14,38;-6,54;-3,41;0,45;0,55;0,24;;;1918705,97;4,15;-0,6;0;855339577,6
IGBR3;54,99;;-1,72;-0,06;0,59;100;-105,71;-597,93;-9,7;-59,25;-49,54;;10,26;-0,15;-0,63;0,02;-3,76;-34,13;0,99;-9,08;10,08;0,06;-7,98;;299083,77;-852,52;-32,05;0,03;68764775,04
IGSN3;0;;0;0;0;32,68;10,45;-27,45;0;25,74;25,74;1,39;0;0;0;3,8;-14,2;-4,36;-0,09;0,31;0,69;0,16;16,89;;;8,3;-1,18;0;0
IGTA3;33;;222,99;1,77;0,87;60,16;47,52;2,5;11,71;15,11;3,4;0,52;5,56;7,38;-1,2;1,77;0,8;0,39;6,98;0,49;0,51;0,16;5,1;-30,7;;18,59;0,15;-2,41;5758073079
IGTI11;18,97;1,8;485,45;1,93;1,03;60,31;45,08;1,53;16,52;13,21;2,52;0,3;7,45;6,04;-1,51;2,11;0,4;0,21;5,57;0,53;0,47;0,14;5,11;-5,85;54455761,17;9,8;0,04;-5,37;5010148299
IGTI3;2,38;2,05;182,72;0,73;0,39;60,31;45,08;1,53;6,22;13,21;2,52;0,3;2,8;2,27;-0,57;2,11;0,4;0,21;5,57;0,53;0,47;0,14;5,11;-5,85;258249,3;3,27;0,01;-2,02;5010148299
IGTI4;8,41;1,74;645,65;2,57;1,36;60,31;45,08;1,53;21,97;13,21;2,52;0,3;9,9;8,03;-2,01;2,11;0,4;0,21;5,57;0,53;0,47;0,14;5,11;-5,85;25205,08;3,27;0,01;-7,14;5010148299
INEP3;1,21;;0,2;-0,17;0,15;33,29;5253,92;4530,1;0,18;0,85;0,69;;9,19;-0,23;-0,16;0,1;-83,05;72,91;-274,55;-0,88;1,88;0,02;-18,75;;2376743,4;-7,18;5,96;0;208867793,4
INEP4;1,01;;0,17;-0,14;0,12;33,29;5253,92;4530,1;0,15;0,85;0,69;;7,67;-0,19;-0,13;0,1;-83,05;72,91;-274,55;-0,88;1,88;0,02;-18,75;;1063129,03;-7,18;5,96;0;208867793,4
INNT3;0;;0;0;0;24,1;15,66;11,69;0;2,29;2,29;1,51;0;0;0;1,29;49,11;6,09;18,53;0,12;0,88;0,52;38,73;36,17;;1,38;0,68;0;0
INTB3;29,18;1,93;22,78;4,48;2,19;28,41;10,95;10,7;22,27;21,7;-0,57;-0,11;2,44;5,94;-7,71;2,06;19,66;9,61;14,68;0,49;0,51;0,9;;;26385046,33;6,52;1,28;-2,1;9559692190
IRBR3;22,02;;-1,88;0,44;0,08;-26,65;-32,94;-13,43;-0,77;-0,77;;;0,25;-0,54;-0,2;0,81;-23,44;-4,18;;0,18;0,82;0,31;13,98;;74261010,53;49,92;-11,7;-0,58;1811431524
ITEC3;40,1;;-35,12;22,04;9,22;-121,18;-18852,94;-7435,88;-13,85;-13,21;0,64;-1,02;2611,73;25,42;-16,7;5,23;-62,76;-26,24;-174,07;0,42;0,58;0;-75,29;;;1,82;-1,14;1,36;443994658,6
ITSA3;8,67;5,54;5,81;1,19;0,88;34,89;170,3;165,22;5,64;6,08;0,5;0,1;9,61;26,43;-0,99;1,4;20,43;15,08;16,44;0,74;0,22;0,09;11,75;12;1684769,1;7,3;1,49;0,25;83219773822
ITSA4;8,53;5,64;5,72;1,17;0,86;34,89;170,3;165,22;5,55;6,08;0,5;0,1;9,45;26,01;-0,98;1,4;20,43;15,08;16,44;0,74;0,22;0,09;11,75;12;178515947;7,3;1,49;0,25;83219773822
ITUB3;21,96;4,64;7,25;1,21;0,09;40,78;13,25;10,48;5,74;6,23;;;0,76;;-0,09;;16,75;1,28;;0,08;0,92;0,12;13,63;5,07;16046359,87;18,09;3,03;0,66;2,33907E+11
ITUB4;25,8;3,95;8,52;1,43;0,11;40,78;13,25;10,48;6,74;6,23;;;0,89;;-0,11;;16,75;1,28;;0,08;0,92;0,12;13,63;5,07;924596152;18,09;3,03;0,77;2,33907E+11
JALL3;7,54;2,36;11,57;1,47;0,47;-2,22;-2,62;11,54;-50,91;-76,93;-26,01;0,75;1,33;1,66;-0,86;2,73;12,73;4,08;-3,4;0,32;0,68;0,35;;;4521074,87;5,12;0,65;-0,87;2222016066
JBSS3;18,84;10,62;2,13;0,94;0,2;17,96;8,29;5,16;1,33;3,8;2,47;1,75;0,11;1,58;-0,34;1,46;44,22;9,49;18,49;0,21;0,77;1,84;15,53;142,49;185820778,9;19,96;8,83;0,25;41789312411
JFEN3;0,59;;-0,4;-0,1;0,05;-289,44;-801,66;-917,09;-0,45;-4,67;-4,22;;3,64;-0,38;-0,33;0,86;-26,15;-13,26;150,41;-0,51;1,59;0,01;-55,23;;63451,87;-5,68;-1,49;0,03;62070250,85
JHSF3;4,8;5,34;4,04;0,66;0,33;62,96;50;40,75;3,29;5,2;1,9;0,38;1,65;1,52;-0,48;3,51;16,23;8,23;12,36;0,51;0,48;0,2;39,13;;13673305,37;7,32;1,19;-0,33;3260776997
JOPA3;21,6;3,83;7,11;0,41;0,1;21,51;5,41;1,48;1,94;7,41;5,45;1,14;0,11;0,25;-0,36;2,19;5,71;1,38;5,16;0,24;0,68;0,93;11,31;0,93;17017,92;53,22;3,04;0,08;230654612
JOPA4;37,4;2,43;12,31;0,7;0,17;21,51;5,41;1,48;3,36;7,41;5,45;1,14;0,18;0,43;-0,62;2,19;5,71;1,38;5,16;0,24;0,68;0,93;11,31;0,93;7495;53,22;3,04;0,13;230654612
JSLG3;6,51;6,95;12,07;1,34;0,25;16,53;12,39;2,72;2,65;7,75;5,11;2,59;0,33;1,75;-0,36;1,87;11,13;2,07;11,91;0,19;0,81;0,76;-8,01;;3223050,47;4,85;0,54;-0,32;1864666318
KEPL3;23,5;8,49;5,97;3,34;1,61;35,87;28,11;20,45;4,34;4,03;-0,31;-0,24;1,22;5,95;-5,71;1,6;56,06;26,93;45,63;0,48;0,52;1,32;20,87;;12311633,07;7,03;3,94;0,02;2111711528
KLBN11;19,59;7,7;4,69;1,9;0,46;47,5;33,4;23,42;3,29;6,43;3,14;1,82;1,1;3,64;-0,63;1,94;40,56;9,86;12,22;0,24;0,76;0,42;19,06;54,55;133898158,2;10,3;4,18;0,1;22010903818
KLBN3;3,94;7,66;4,72;1,91;0,47;47,5;33,4;23,42;3,31;6,43;3,14;1,82;1,1;3,66;-0,63;1,94;40,56;9,86;12,22;0,24;0,76;0,42;19,06;54,55;3171178,73;2,06;0,84;0,1;22010903818
KLBN4;3,93;7,68;4,71;1,91;0,46;47,5;33,4;23,42;3,3;6,43;3,14;1,82;1,1;3,65;-0,63;1,94;40,56;9,86;12,22;0,24;0,76;0,42;19,06;54,55;16299112,7;2,06;0,84;0,1;22010903818
KRSA3;1,16;;-7,31;0,75;0,19;24,5;10,36;-6,37;4,5;14,74;10,24;1,71;0,47;1,93;-0,27;1,46;-10,27;-2,53;4,53;0,25;0,74;0,4;;;622907,3;1,54;-0,16;0,01;895788176,9
LAME3;6,6;;21,15;1,91;0,28;32,9;4,35;2,27;11,03;16,86;5,87;1,01;0,48;1,2;-0,66;1,72;9,02;1,34;2,89;0,15;0,63;0,59;3,5;18,61;;3,46;0,31;-46,97;12391135397
LAME4;6,57;;21,06;1,9;0,28;32,9;4,35;2,27;10,98;16,86;5,87;1,01;0,48;1,19;-0,65;1,72;9,02;1,34;2,89;0,15;0,63;0,59;3,5;18,61;;3,46;0,31;-46,75;12391135397
LAND3;30;0,68;75,52;4,1;2,99;94,43;69,64;32,36;35,09;35,17;0,07;0,01;24,44;273,01;-3,13;1,3;5,44;3,95;8,21;0,73;0,27;0,12;;;1288193,97;7,31;0,4;0,79;2886808860
LAVV3;5,19;9,94;9,69;0,88;0,58;34,52;16,6;20,67;12,06;6,08;-5,98;-0,44;2;0,94;-3,45;3,85;9,12;5,96;5,24;0,65;0,3;0,29;;;2679162,57;5,87;0,54;-0,2;1035583287
LCAM3;24,15;5,15;19,12;2,42;0,65;39,75;27,63;6,74;4,66;7,8;3,14;1,63;1,29;20,46;-0,83;1,18;12,66;3,41;12,37;0,27;0,73;0,51;53,89;85,95;166957437,1;9,98;1,26;-2,19;12285815276
LEVE3;35,33;12,72;7,91;2,75;1,44;26,59;17,59;14,15;6,37;6,54;0,18;0,08;1,12;4,71;-3,85;1,96;34,78;18,24;27,27;0,52;0,48;1,29;11,02;87,6;6612461;12,84;4,47;1,18;4533139305
LHER3;0;;0;0;0;63,41;22,35;10,99;0;-3,77;-3,77;-0,15;0;0;0;6,36;1,95;0,67;3,94;0,34;0,66;0,06;4,31;-51,59;;141,54;2,76;0;0
LHER4;0;;0;0;0;63,41;22,35;10,99;0;-3,77;-3,77;-0,15;0;0;0;6,36;1,95;0,67;3,94;0,34;0,66;0,06;4,31;-51,59;;141,54;2,76;0;0
LIGT3;2,52;10,07;-8,88;0,11;0,03;18,66;10,91;-0,73;0,59;5,32;4,73;0,87;0,06;0,45;-0,05;1,33;-1,22;-0,38;7,91;0,31;0,69;0,52;9,08;;28102784,8;23,16;-0,28;0,08;938839416,5
LINX3;37,4;;-90,95;4,38;2,74;68,7;-4,79;-8,67;-164,48;-159,3;5,18;-0,14;7,88;11,96;-4,82;2,14;-4,81;-3,02;-2,23;0,63;0,37;0,35;14,3;;;8,55;-0,41;0,13;7083895104
LIPR3;70;2,6;30,73;3,97;3,37;;;;34,27;31,68;-2,59;-0,3;;23,37;-4,52;2,3;12,92;10,96;10,92;0,85;0,15;0;;-5,48;13964;17,63;2,28;6,56;823542230
LJQQ3;3,33;;222,27;1,2;0,22;34,35;4,3;0,12;6,42;5,59;-0,82;-0,15;0,28;0,7;-0,65;1,91;0,54;0,1;10;0,18;0,82;0,8;;;18703044,3;2,78;0,02;-2,31;623676595,8
LLIS3;1,73;;-1,69;-2,33;0,96;58,11;-55,44;-80,76;-2,46;-5,5;-3,04;;1,36;-10,83;-1,39;0,78;-137,83;-56,84;-52,92;-0,41;1,41;0,7;-4,9;;624091,89;-0,74;-1,02;0,03;1468063926
LOGG3;17,8;4,87;4,71;0,5;0,3;98,6;229,35;177,72;3,65;6,61;2,96;0,4;8,37;10,79;-0,33;1,35;10,54;6,28;9,1;0,6;0,4;0,04;16,9;59,49;6772774,8;35,86;3,78;1,02;1818432941
LOGN3;32,76;;25,05;5,97;1,15;22,96;18,52;7,3;9,87;12,28;2,4;1,45;1,83;6,37;-1,8;1,97;23,85;4,57;15,75;0,19;0,81;0,63;11,96;8,15;4474563,53;5,48;1,31;-0,74;3488176397
LPSB3;1,83;4,13;21,22;1,37;0,66;80,54;13,34;6,36;10,12;7,81;-2,31;-0,31;1,35;6,51;-0,92;1,58;6,46;3,13;4,92;0,48;0,51;0,49;8,4;;406982,03;1,33;0,09;-0,28;270024974,7
LREN3;19,28;3,46;15,39;1,93;0,91;59,71;9,89;9,33;14,53;13,76;-0,77;-0,1;1,44;3,21;-2,47;1,8;12,52;5,89;9,38;0,47;0,53;0,63;10,38;14,42;304976234,7;10,01;1,25;0,13;18860216425
LTEL3B;86,61;2,79;9,82;6,04;6,03;;;;9,86;9,83;-0,03;-0,02;;252,35;-6,18;18,74;61,48;61,39;61,16;1;0;0;;-6,32;;14,35;8,82;0,38;18664056854
LUPA3;5;;-5,52;1,33;0,3;24,17;-28,85;-23,78;-4,55;-8,54;-3,99;1,17;1,31;1,13;-0,57;2,28;-24,18;-5,45;-13,22;0,23;0,77;0,23;-7,55;;16104134,6;3,75;-0,91;0,04;151766170
LUXM3;0;;0;0;0;27,26;14,99;6,1;0;11,94;0,21;0,04;0;0;0;0,87;7,99;5,53;7,01;0,69;0,31;0,91;7,08;-1,47;;20,11;1,61;0;240736860
LUXM4;83,07;0,84;51,7;4,13;2,86;27,26;14,99;6,1;21,04;11,94;0,21;0,04;3,15;-140,32;-3,32;0,87;7,99;5,53;7,01;0,69;0,31;0,91;7,08;-1,47;98892,29;20,11;1,61;-1,14;240736860
LVTC3;7,2;2,42;10,15;0,72;0,28;24,78;10,16;4,29;4,29;2,63;-1,65;-0,28;0,44;0,81;-0,66;2,37;7,08;2,71;14,97;0,38;0,62;0,63;;;2034580,77;10,02;0,71;-0,25;465574053,6
LWSA3;5,44;;770,22;1,09;0,71;45,11;10,87;0,39;27,48;16,04;-11,44;-0,45;2,99;2,85;-1,31;2,16;0,14;0,09;2,5;0,65;0,35;0,24;23,75;;61523099,73;4,98;0,01;0,86;3231850133
MAPT3;37;;-191,01;-5,61;43,98;;;;-208,58;-132,25;0;;;-5666,52;-43,98;0;-2,94;-23,03;2,69;-7,84;8,84;0;;;;-6,59;-0,19;-54,76;21556767,4
MAPT4;10,21;;-52,71;-1,55;12,14;;;;-57,56;-132,25;0;;;-1563,65;-12,14;0;-2,94;-23,03;2,69;-7,84;8,84;0;;;2041;-6,59;-0,19;-15,11;21556767,4
MATD3;9,48;0,95;30,56;2,21;0,75;36,6;18,93;7,71;12,44;14,98;2,54;0,45;2,35;4,71;-1;2,75;7,24;2,46;8,04;0,34;0,64;0,32;;;4600477,73;4,29;0,31;-3,55;3624486703
MBLY3;3,25;;-3,86;0,61;0,39;39,57;-14,05;-13,75;-3,78;-3,3;0,48;-0,08;0,53;0,98;-0,94;3,13;-15,71;-10,1;-12,27;0,64;0,36;0,73;;;3483815,83;5,36;-0,84;1,59;346092188
MDIA3;33,99;0,59;18,67;1,75;1,03;29,04;6,84;6,48;17,67;20,18;2,5;0,25;1,21;4,7;-1,8;2,06;9,36;5,52;6,22;0,59;0,41;0,85;7,96;-4,68;42104816,87;19,45;1,82;1,93;11522610000
MDNE3;5,34;;4,12;0,39;0,16;36,24;11,76;14,97;5,25;3,84;-1,4;-0,1;0,62;0,74;-0,25;2,5;9,39;3,92;5,13;0,42;0,58;0,26;0,55;;866566,23;13,8;1,3;0,09;453416062,5
MEAL3;2,09;;-6,53;0,57;0,21;32,38;0,35;-3,99;73,52;110,77;37,25;0,29;0,26;-10,4;-0,26;0,91;-8,66;-3,23;0,36;0,37;0,63;0,81;3,75;;2936930,5;3,7;-0,32;-0,38;598512317,7
MEGA3;8,86;;-38,06;1,32;0,35;24,23;19,57;-8,45;16,43;36,45;20,02;1,61;3,22;-46,04;-0,43;0,96;-3,48;-0,93;2,42;0,27;0,73;0,11;;;11523117;6,69;-0,23;;5517392726
MELK3;2,97;7,06;5,56;0,52;0,28;23,62;8,39;10,53;6,98;4,71;-2,27;-0,17;0,59;0,69;-1,01;2,31;9,26;5,05;4,78;0,55;0,41;0,48;;;1225478,97;5,76;0,53;0,05;617668942,8
MERC3;15,11;;38,85;1,08;0,87;78,31;-5,19;13,62;-101,96;-80,22;;;5,29;54,85;-0,89;;2,79;2,24;;0,8;0,2;0,16;-28,34;61,63;3369,8;13,96;0,39;0,26;214107576,7
MERC4;7,7;5,92;19,8;0,55;0,44;78,31;-5,19;13,62;-51,96;-80,22;;;2,7;27,95;-0,45;;2,79;2,24;;0,8;0,2;0,16;-28,34;61,63;7251,22;13,96;0,39;0,13;214107576,7
MGEL3;19,13;;1,34;-0,59;0,17;15,17;12,48;8,14;0,87;5,92;5,26;;0,11;0,43;-0,48;2,54;-43,65;12,63;21,13;-0,29;1,29;1,55;15,08;118,86;;-32,7;14,27;-0,02;84100826,9
MGEL4;11,99;;0,84;-0,37;0,11;15,17;12,48;8,14;0,55;5,92;5,26;;0,07;0,27;-0,3;2,54;-43,65;12,63;21,13;-0,29;1,29;1,55;15,08;118,86;52867,4;-32,7;14,27;-0,01;84100826,9
MGLU3;3,99;;-72,76;2,49;0,75;27,34;0,7;-1,04;107,79;127,98;20,18;0,47;0,76;3,56;-1,77;1,58;-3,43;-1,03;-4,74;0,3;0,7;0,99;29,98;;655406317,5;1,6;-0,05;0,48;26928218124
MILS3;10,24;2,56;11,86;2,1;1,27;61,32;28,58;21,6;8,97;9,47;0,51;0,12;2,56;4,95;-2,11;2,87;17,66;10,75;12,23;0,61;0,39;0,5;13,23;;8971079,23;4,89;0,86;0,05;2522202685
MLAS3;2,61;4,71;4,78;0,51;0,34;23,11;12;10,97;4,37;4,73;0,36;0,04;0,52;0,6;-1,64;3,35;10,7;7,04;9,69;0,66;0,34;0,64;;;8255659,03;5,11;0,55;-0,11;2141607377
MMXM3;14;;-2,17;-0,11;0,71;;;;-181,31;-719,57;-538,27;;;-0,1;-0,75;0,01;-4,97;-32,75;0,28;-6,58;7,6;0;-6,95;;;-129,88;-6,46;0,03;90834562
MNDL3;44,5;;-0,17;-0,15;0,09;36,6;13,16;-86,19;1,13;4,42;3,28;;0,15;-0,09;-0,13;0,25;-86,33;-50,05;-20,77;-0,58;1,58;0,58;10,41;;55129,1;-297,91;-257,18;0;110371570
MNPR3;5,87;;1,01;-0,13;0,14;28,32;19,95;11,43;0,58;0,58;0;;0,11;-0,11;-0,29;0,3;-12,96;13,64;-19,67;-1,05;2,05;1,19;10,24;;14917,56;-45,05;5,84;0;41677587
MOAR3;439,5;1,49;50,98;6,46;2,68;100;301410,87;229602,17;38,83;39,1;0,27;0,04;117052,43;8,62;-4,74;3,53;12,67;5,26;5,13;0,42;0,58;0;-16,12;-12,94;252128,07;68,03;8,62;-0,61;5384411630
MODL11;8,46;2,7;40,61;1,54;0,26;56,79;6,94;3,57;20,89;20,89;;;1,45;;-0,31;;3,8;0,64;;0,17;0,83;0,18;;;3256574,36;5,49;0,21;-0,71;1985844000
MODL3;2,2;4,46;31,68;1,2;0,2;56,79;6,94;3,57;16,3;20,89;;;1,13;;-0,24;;3,8;0,64;;0,17;0,83;0,18;;;8434102,5;1,83;0,07;-0,56;1985844000
MODL4;2,72;2,8;39,17;1,49;0,25;56,79;6,94;3,57;20,15;20,89;;;1,4;;-0,3;;3,8;0,64;;0,17;0,83;0,18;;;31974,18;1,83;0,07;-0,69;1985844000
MOSI3;8,24;;32,29;1,56;1,46;89,47;6,23;14,75;76,45;36,94;-39,51;-0,81;4,76;1,91;-8,4;13,23;4,84;4,52;0,25;0,93;0,07;0,31;;;6097270;5,27;0,26;;1043149227
MOVI3;6,62;21,88;2,94;0,84;0,1;41,06;29,5;9,45;0,94;4,91;3,97;3,54;0,28;0,67;-0,16;1,8;28,56;3,49;11,9;0,12;0,88;0,37;23,01;83,02;30708099,03;7,88;2,25;0,24;2398439809
MRFG3;6,62;33,95;0,8;0,63;0,03;15,93;11,48;4,65;0,32;3,37;3,04;5,87;0,04;0,42;-0,05;1,28;78,08;4,07;14,51;0,05;0,78;0,87;35,31;;99671112,57;10,57;8,26;0,07;4369200000
MRSA3B;26;1,8;12,7;1,71;0,67;35,11;29,39;13,42;5,8;7,31;1,81;0,54;1,7;-30,48;-0,81;0,88;13,51;5,29;13,87;0,39;0,61;0,39;6,19;10,77;2550;15,16;2,05;-0,67;8394098100
MRSA5B;22,06;2,33;10,77;1,46;0,57;35,11;29,39;13,42;4,92;7,31;1,81;0,54;1,45;-25,86;-0,68;0,88;13,51;5,29;13,87;0,39;0,61;0,39;6,19;10,77;2256;15,16;2,05;-0,57;8394098100
MRSA6B;23,06;2,23;11,26;1,52;0,6;35,11;29,39;13,42;5,14;7,31;1,81;0,54;1,51;-27,03;-0,72;0,88;13,51;5,29;13,87;0,39;0,61;0,39;6,19;10,77;4613;15,16;2,05;-0,59;8394098100
MRVE3;6,12;6,46;6,87;0,48;0,13;20,6;12,01;6,27;3,59;11,1;7,51;1;0,43;0,54;-0,24;2,11;6,94;1,89;3,48;0,27;0,69;0,3;10,87;-5;90258852,2;12,84;0,89;-0,18;2960755369
MSPA3;46,25;;-9,18;0,37;0,21;32,47;-10,46;-17,14;-15,05;-19,69;-4,85;0,12;1,57;7,19;-0,23;1,57;-4;-2,27;-2,09;0,57;0,43;0,13;-22,81;;18500;126,06;-5,04;3,04;292167995,3
MSPA4;41;;-8,14;0,33;0,18;32,47;-10,46;-17,14;-13,34;-19,69;-4,85;0,12;1,4;6,37;-0,2;1,57;-4;-2,27;-2,09;0,57;0,43;0,13;-22,81;;24540;126,06;-5,04;2,7;292167995,3
MSRO3;702,5;;2121,19;277,5;70,01;61,25;41,32;8,46;434,2;437,83;3,64;2,32;179,4;-503,33;-85,81;0,57;13,08;3,3;15,23;0,25;0,75;0,39;9,2;-7,65;;2,53;0,33;70,51;18271898550
MTIG3;0;;0;0;0;-23,23;-86,65;-132,89;0;-2,93;-2,82;;0;0;0;0,23;-72,74;-61,25;-149,31;-0,84;1,84;0,46;-19,4;;;-0,58;-0,42;0;3700608
MTIG4;23;;-54,87;-39,91;33,61;-23,23;-86,65;-132,89;-84,15;-2,93;-2,82;;72,92;-31,14;-49,22;0,23;-72,74;-61,25;-149,31;-0,84;1,84;0,46;-19,4;;6887,4;-0,58;-0,42;-0,05;3700608
MTRE3;4,08;8,03;11,84;0,44;0,27;31,05;6,14;5,48;10,57;8,87;-1,7;-0,07;0,65;0,48;-1,34;3,37;3,7;2,26;2,24;0,61;0,38;0,41;57,62;141,81;3007056,1;9,32;0,34;3,71;431561265,6
MTSA3;75;3,2;8,01;1,77;1,16;29,55;14,76;10,62;5,76;4,1;-0,42;-0,13;0,85;2,41;-6,12;2,46;22,09;14,44;17,77;0,65;0,35;1,36;21,69;43,68;11250;42,37;9,36;0,14;516421110
MTSA4;43,8;6,03;4,68;1,03;0,68;29,55;14,76;10,62;3,37;4,1;-0,42;-0,13;0,5;1,41;-3,57;2,46;22,09;14,44;17,77;0,65;0,35;1,36;21,69;43,68;82823,68;42,37;9,36;0,08;516421110
MULT3;23,66;3,03;18,48;2,16;1,31;81,15;59,44;42,79;13,3;15,12;1,81;0,29;7,91;29,35;-1,56;1,37;11,69;7,07;10,59;0,61;0,39;0,17;9,22;15,8;106079656,9;10,96;1,28;0,26;14214002303
MWET3;29,98;;2,41;-2,75;0,23;15,98;6,76;9,13;3,26;5,54;3,65;;0,22;35,42;-0,44;1,01;-114,11;9,65;38,73;-0,08;1,09;1,06;14,95;;2998;-10,9;12,44;-0,03;35836692,24
MWET4;11,13;;0,9;-1,02;0,09;15,98;6,76;9,13;1,21;5,54;3,65;;0,08;13,15;-0,16;1,01;-114,11;9,65;38,73;-0,08;1,09;1,06;14,95;;33179,39;-10,9;12,44;-0,01;35836692,24
MYPK3;11,49;7,25;3,44;0,43;0,12;11,24;8,02;3,1;1,33;4,79;3,46;1,12;0,11;0,6;-0,25;1,58;12,57;3,38;10,35;0,27;0,71;1,09;14,96;88,62;20180939,03;26,61;3,34;0,05;1766238215
NAFG3;64,37;;11,8;2,76;1,15;41,15;16,49;9,34;6,68;5,06;1,17;0,48;1,1;3,2;-2,87;2,52;23,42;9,77;15,89;0,42;0,58;1,05;7,87;35,19;;23,3;5,46;-1,14;508315292,4
NAFG4;19,02;;3,49;0,82;0,34;41,15;16,49;9,34;1,97;5,06;1,17;0,48;0,33;0,94;-0,85;2,52;23,42;9,77;15,89;0,42;0,58;1,05;7,87;35,19;;23,3;5,46;-0,34;508315292,4
NEMO3;0;;0;0;0;49,46;41,91;10,64;0;2,54;2,54;7,16;0;0;0;4,11;71,73;4,42;17,48;0,06;0,77;0,42;32,9;55,92;;40,28;28,89;0;0
NEMO5;52,97;2,31;1,83;1,32;0,08;49,46;41,91;10,64;0,47;2,54;2,54;7,16;0,2;0,38;-0,11;4,11;71,73;4,42;17,48;0,06;0,77;0,42;32,9;55,92;;40,28;28,89;0,04;0
NEMO6;0;;0;0;0;49,46;41,91;10,64;0;2,54;2,54;7,16;0;0;0;4,11;71,73;4,42;17,48;0,06;0,77;0,42;32,9;55,92;;40,28;28,89;0;0
NEOE3;14,45;6,37;3,97;0,66;0,19;28,89;20,82;10,23;1,95;5,9;3,95;1,33;0,41;3,4;-0,25;1,3;16,5;4,8;11,7;0,29;0,71;0,47;23,82;70,91;19811189,27;22,06;3,64;1,29;17539370234
NEXP3;9,12;;-0,39;1,19;0,09;58,84;-58,7;-51,66;-0,35;-0,75;-0,4;1,38;0,2;-0,67;-0,13;0,68;-302,64;-24,05;-89,26;0,08;0,92;0,47;5,4;;123027,43;7,64;-23,11;0,01;24218789,28
NGRD3;1,16;1,28;208,16;0,61;0,39;64,86;2,03;0,51;51,89;15,27;-36,62;-0,43;1,05;1,37;-0,73;2,48;0,29;0,19;-0,05;0,63;0,37;0,37;;;1120459,4;1,89;0,01;-2,22;276848302,8
NINJ3;2,88;;-6,54;0,52;0,48;90,79;-88,25;-37,6;-2,79;2,56;5,34;-1;2,46;0,55;-8,95;13,24;-7,97;-7,36;-18,62;0,92;0,08;0,2;;;276746,9;5,53;-0,44;0,16;144646885,4
NORD3;6,98;;-5,75;-0,31;2,66;90,06;-22,47;-493,25;-126,28;-229,94;-103,66;;28,37;-1;-2,85;0,03;-5,4;-46,19;0,33;-8,56;9,56;0,09;;;9313,5;-22,49;-1,21;-0,01;46217972,28
NRTQ3;0;;0;0;0;25,92;12,32;13,69;0;0,05;0,05;0,01;0;0;0;4,26;16,49;11,82;11,58;0,72;0,28;0,86;13,67;16,56;;17,07;2,81;0;0
NTCO3;14,63;0,9;-15,88;0,88;0,37;64,23;1,18;-3,39;45,61;66,08;20,46;0,39;0,54;5,98;-0,52;1,27;-5,54;-2,34;0,68;0,42;0,58;0,69;38,39;;199449732,5;16,62;-0,92;0,05;20235522099
NUTR3;300;;4,65;1,37;0,38;16,08;9,4;4,95;2,45;3,26;0,81;0,46;0,23;1,09;-1,38;1,96;29,44;8,27;30,37;0,28;0,72;1,67;33,43;;60000;219,23;64,53;0,05;39733200
ODER4;857,15;0,18;110,59;24,32;11,73;28,75;15,07;12,01;88,11;89,63;1,52;0,42;13,28;32,06;-41,03;2,05;21,99;10,61;12,69;0,48;0,52;0,88;11,24;14,6;;35,25;7,75;-2,84;9674742908
ODPV3;12;2,53;15,35;5,66;3,21;61,42;29,78;23,72;12,23;11,59;-0,64;-0,3;3,64;-47,57;-4,57;0,82;36,85;20,89;30,67;0,57;0,43;0,88;6,18;15,52;24941931,3;2,12;0,78;0,86;6821589636
OFSA3;26,06;2,6;11,52;2,07;1,09;49,5;15,64;12,34;9,09;10,59;1,5;0,34;1,42;2,44;-2,92;3,45;17,96;9,43;13,09;0,53;0,47;0,76;14,66;;292079,13;12,6;2,26;0,88;1405911096
OGXP3;1,63;;-2,15;-0,98;0,92;;;;-9,26;-9,26;0;;;-0,98;;0,51;-45,53;-43,02;10,57;-0,94;1,94;0;;;;-1,67;-0,76;0,02;52747073,84
OIBR3;1,26;;-0,28;-0,36;0,02;-3,45;-28,92;-25,35;-0,25;-5,73;-5,47;;0,07;0,23;-0,02;1,37;-128,78;-6,02;-30,36;-0,05;1,05;0,24;-16,61;;46722420,5;-3,46;-4,45;0,01;861319985,3
OIBR4;3,12;;-0,7;-0,9;0,04;-3,45;-28,92;-25,35;-0,61;-5,73;-5,47;;0,18;0,56;-0,06;1,37;-128,78;-6,02;-30,36;-0,05;1,05;0,24;-16,61;;1777798,37;-3,46;-4,45;0,02;861319985,3
OMGE3;27,57;;11,48;1,35;0,44;30,38;56,77;21,25;4,3;8,04;3,75;1,18;2,44;10,85;-0,53;1,31;11,81;3,84;11,17;0,33;0,67;0,18;55,45;118,18;;20,35;2,4;-0,03;5521562589
ONCO3;7,22;;-373,72;1,77;0,49;34,77;9,69;-0,26;10,13;16,91;6,78;1,19;0,98;5,8;-0,69;1,42;-0,47;-0,13;5,16;0,28;0,65;0,5;;;9722904,97;4,07;-0,02;3,92;3573465818
OPCT3;3,09;;-5,24;0,82;0,28;14,07;0,61;-10,4;88,85;241,9;153,05;1,42;0,54;-5,32;-0,35;0,8;-15,7;-5,26;0,36;0,34;0,66;0,51;;;1121049,83;3,76;-0,59;-0,03;617875021,9
ORVR3;39,14;;-44,31;6,43;1,69;35,76;18,62;-10,48;24,96;29,99;5,03;1,3;4,65;27,1;-2,17;1,4;-14,51;-3,82;5,02;0,26;0,73;0,36;;;15541332,57;6,09;-0,88;10,03;2798508826
OSXB3;5,31;;-0,03;0;0,01;90,65;-61,67;-1708,4;-0,78;-233,49;-232,72;;0,48;-0,03;-0,01;0,03;-10,52;-26,73;3,25;-2,54;3,55;0,02;89,07;;100412,2;-1800,97;-189,44;0;16716081,78
PARD3;19,56;3,26;14,96;2,68;1,07;27,49;14,88;8,28;8,32;8,9;0,58;0,19;1,24;306,34;-1,54;1,01;17,88;7,17;19,57;0,4;0,6;0,87;17,16;10,74;8779020,5;7,31;1,31;-0,71;2561941318
PATI3;43,9;6,63;14,03;1,18;0,52;8,88;5,3;3,01;7,96;8,99;0,97;0,14;0,42;0,92;-3,62;2,97;8,4;3,72;5,79;0,44;0,56;1,24;31,3;38,31;9742,38;37,22;3,13;-0,18;1058925563
PATI4;51,99;5,6;16,62;1,4;0,62;8,88;5,3;3,01;9,43;8,99;0,97;0,14;0,5;1,09;-4,29;2,97;8,4;3,72;5,79;0,44;0,56;1,24;31,3;38,31;5199;37,22;3,13;-0,21;1058925563
PCAR3;18,2;1,95;2,88;0,36;0,11;25,35;3,28;3,75;3,29;5,97;2,68;0,3;0,11;5,58;-0,17;1,07;12,6;3,93;4,49;0,31;0,63;1,05;4,35;;75585699,83;50,12;6,32;0,51;4916531056
PCAR4;72,11;;11,42;1,44;0,45;25,35;3,28;3,75;13,04;5,97;2,68;0,3;0,43;22,11;-0,66;1,07;12,6;3,93;4,49;0,31;0,63;1,05;4,35;;;50,12;6,32;2,03;4916531056
PDGR3;0,12;;0,06;-0,01;0,03;16,08;-159,1;366,8;-0,14;-4,29;-4,15;;0,23;-0,02;-0,15;0,29;-12,91;51,89;12,36;-4,02;5,07;0,14;11,86;;3340170,93;-15,11;1,95;0;38662372,44
PDTC3;2,61;;92,23;1,57;0,42;32,54;12,73;0,62;4,49;6,04;1,55;0,54;0,57;1,25;-1,48;1,9;1,7;0,46;17,48;0,27;0,73;0,74;225,48;-53,75;93632,73;1,66;0,03;-0,98;204753923,2
PEAB3;38;4,56;-4,36;0,72;0,61;62,81;-497,34;-299,31;-2,62;-2,67;0,71;-0,19;13,05;2,2;-0,86;14,2;-16,52;-13,92;-35,46;0,84;0,16;0,05;-37,48;;11298,9;52,76;-8,72;0,02;629663622
PEAB4;60;3,18;-6,88;1,14;0,96;62,81;-497,34;-299,31;-4,14;-2,67;0,71;-0,19;20,6;3,47;-1,36;14,2;-16,52;-13,92;-35,46;0,84;0,16;0,05;-37,48;;22166,33;52,76;-8,72;0,04;629663622
PETR3;30,08;55,78;2,22;1,05;0,41;51,31;47,78;28,61;1,33;2,14;0,87;0,69;0,64;16,68;-0,5;1,17;47,38;18,63;31,73;0,39;0,61;0,65;9,88;;397672987,5;28,56;13,53;0,07;3,73556E+11
PETR4;26,72;62,79;1,97;0,94;0,37;51,31;47,78;28,61;1,18;2,14;0,87;0,69;0,57;14,82;-0,44;1,17;47,38;18,63;31,73;0,39;0,61;0,65;9,88;;1647217803;28,56;13,53;0,06;3,73556E+11
PETZ3;6,52;0,61;50,03;1,64;0,84;48,68;5,44;2,28;20,98;20,05;-0,94;-0,07;1,14;6,6;-1,23;1,67;3,29;1,68;6,51;0,51;0,49;0,74;;;82077967,23;3,97;0,13;-3,02;3009911610
PFRM3;3,3;5,25;4,68;0,34;0,1;14,61;3,02;1,17;1,82;4,38;2,56;0,48;0,06;0,47;-0,3;1,45;7,24;2,09;9,16;0,29;0,64;1,78;9,44;;608423,13;9,73;0,71;-0,59;408582150,9
PGMN3;3,67;5,07;16,66;0,72;0,2;32,06;5,9;1,15;3,25;5,29;2,04;0,45;0,19;1,25;-0,41;1,47;4,34;1,21;14,13;0,28;0,72;1,05;6,32;18,56;3060460,77;5,08;0,22;-0,36;1628676498
PINE3;0;;0;0;0;12,88;1,68;2,81;0;6,32;;;0;0;0;0,64;4,71;0,25;;0,05;0,95;0,09;8,18;;;4,66;0,22;0;154069573,7
PINE4;1,74;3,54;7,93;0,37;0,02;12,88;1,68;2,81;13,3;6,32;;;0,22;-0,13;-0,03;0,64;4,71;0,25;;0,05;0,95;0,09;8,18;;365401,37;4,66;0,22;0,14;154069573,7
PLAS3;9;;-1,31;-0,32;0,16;14,34;0,5;-10,85;28,7;92,13;63,43;;0,14;-0,35;-0,23;0,4;-24,52;-12,14;-3,41;-0,5;1,5;1,12;11,76;;4570,23;-28,03;-6,87;0,05;111828762
PLPL3;4,18;3,86;8,26;2,45;0,61;28,11;9,53;7,63;6,62;7,93;1,32;0,49;0,63;0,87;-5,69;4,64;29,64;7,41;12,01;0,25;0,75;0,97;;;1716009,03;1,71;0,51;-2;853790080
PMAM3;4,79;;-0,23;-0,13;0,08;-1,81;-17,79;-31,19;-0,41;-6,48;-6,08;;0,07;-0,26;-0,11;0,45;-55,37;-35,46;-34,44;-0,64;1,64;1,14;0,55;;369708,33;-37,36;-20,68;0;207904436,7
PNVL3;9,89;2,25;17,41;1,36;0,58;31,04;3,34;2,25;11,72;17,51;5,79;0,67;0,39;2,39;-1,31;1,77;7,83;3,32;5,91;0,42;0,58;1,48;8,67;9,99;4448312,83;7,26;0,57;2,11;1487233287
PNVL4;18,62;;32,78;2,57;1,09;31,04;3,34;2,25;22,07;17,51;5,79;0,67;0,74;4,5;-2,46;1,77;7,83;3,32;5,91;0,42;0,58;1,48;8,67;9,99;;7,26;0,57;3,98;1487233287
POMO3;2,65;5,36;9,66;0,82;0,34;12,71;3,25;5,51;16,4;27,82;9,41;0,47;0,53;1,71;-0,76;1,57;8,53;3,54;1,65;0,42;0,58;0,64;6,33;3,43;798008,33;3,22;0,27;-0,24;2817952378
POMO4;3,16;4,49;11,52;0,98;0,41;12,71;3,25;5,51;19,55;27,82;9,41;0,47;0,64;2,04;-0,91;1,57;8,53;3,54;1,65;0,42;0,58;0,64;6,33;3,43;12654882,03;3,22;0,27;-0,28;2817952378
PORT3;9,77;6,18;16,71;1,9;0,78;43,12;24,22;11,36;7,83;12,39;4,55;1,1;1,9;16099,23;-0,9;1;11,38;4,67;8,44;0,41;0,59;0,41;6,17;-2,54;2382523,43;5,14;0,58;2,28;4298493222
POSI3;7,3;4,66;4,99;0,78;0,24;20,12;10,02;4,32;2,15;4,25;2,1;0,76;0,22;0,67;-1,6;1,74;15,63;4,86;17,19;0,31;0,69;1,13;14,02;87,96;13748371,77;9,36;1,46;-0,15;1035140000
POWE3;10,9;;23,92;0,99;0,38;6,82;3,52;2,59;17,55;10,6;-6,96;-0,39;0,62;6,57;-0,74;1,13;4,13;1,58;3,81;0,38;0,62;0,61;;;5388846,38;11,02;0,46;-1,77;977237930,4
PPAR3;14,6;;0,62;0,03;0,02;;;;0,77;-2,09;-2,86;-0,09;;0,26;-0,02;110,26;4,08;2,97;3,18;0,73;0,27;0;;3,62;;578,14;23,58;0;1080400
PPLA11;3,9;;3659,07;1097,72;4,93;;;;3659,07;3659,07;;;;1097,72;;1;30;0,13;;0;1;0;;-87,74;1538,7;0;0;-35,86;10977197,4
PRIO3;42,75;;11,22;4,11;1,9;65,73;58,63;47,17;9,03;9;-0,03;-0,01;5,29;3,91;-4,31;7,82;36,6;16,97;20,56;0,46;0,54;0,36;61,68;69,51;378371757;10,41;3,81;0,05;37929046034
PRNR3;7,7;3,87;7,77;1,16;0,5;23,2;12,32;5,61;3,54;3,94;0,4;0,13;0,44;1,98;-1,23;1,74;14,99;6,45;16,61;0,43;0,51;1,15;16,24;43,81;1545759,47;6,61;0,99;0,14;299593578,9
PSSA3;26,6;4,36;15,16;1,62;0,34;100;2,55;4,09;24,31;9,88;-14,43;-0,96;0,62;6,71;-0,96;1,09;10,66;2,25;5,15;0,21;0,79;0,55;10,41;0,61;45188712,07;16,46;1,76;-0,57;17199189196
PTBL3;7,35;4,53;5,21;2,29;0,47;44,43;15,57;8,99;3,01;4,58;1,57;1,19;0,47;4,36;-0,87;1,3;43,87;8,96;23,57;0,2;0,8;1;13,47;147,88;6160677,03;3,22;1,41;3,65;1036253612
PTCA11;0;;0;0;0;42,9;9,98;6,74;0;2,17;2,17;0,67;0;0;0;1,75;20,84;7,31;12,92;0,35;0,65;1,09;25,03;31,25;;20,26;4,22;0;0
PTCA3;0;;0;0;0;42,9;9,98;6,74;0;2,17;2,17;0,67;0;0;0;1,75;20,84;7,31;12,92;0,35;0,65;1,09;25,03;31,25;;20,26;4,22;0;0
PTNT3;9,12;3,5;6,28;1,06;0,54;16,09;11,14;8,02;4,52;5,19;1,55;0,36;0,5;2,67;-1,15;1,6;16,85;8,56;11,18;0,51;0,49;1,07;11,78;23,11;11286,57;8,62;1,45;0,15;352665034,7
PTNT4;6,45;4,94;4,44;0,75;0,38;16,09;11,14;8,02;3,2;5,19;1,55;0,36;0,36;1,89;-0,81;1,6;16,85;8,56;11,18;0,51;0,49;1,07;11,78;23,11;49379,33;8,62;1,45;0,11;352665034,7
QUAL3;5,42;4,71;6,9;1,06;0,33;79,88;26,74;11,05;2,85;5,71;2,86;1,07;0,76;2,33;-0,47;1,88;15,43;4,76;11,29;0,31;0,69;0,43;1,31;-11,22;36308312,43;5,1;0,79;-0,17;1539357642
QUSW3;0;;0;0;0;29,9;12,51;4,11;0;2,01;2,01;0,83;0;0;0;1,51;13,62;3,81;16,95;0,28;0,72;0,93;16,77;80,82;;71,7;9,77;0;0
QVQP3B;0;;0;0;0;;;;0;0,92;0,92;-0,97;;0;;;-98,4;-98,4;-105,6;1;0;0;;;;0;0;0;0
RADL3;23,75;1,07;44,52;7,76;2,37;30,4;6,04;3,18;23,45;24,58;1,13;0,37;1,42;12,45;-5,35;1,52;17,44;5,33;20,49;0,31;0,69;1,68;16,47;14,5;133758550,1;3,06;0,53;2,4;39233337500
RAIL3;17,54;0,11;-293,27;2,16;0,71;29,59;22,83;-1,21;15,59;20,48;4,89;0,68;3,56;7,08;-0,92;1,83;-0,74;-0,24;6,35;0,33;0,66;0,2;11,53;;176376668,1;8,12;-0,06;2,43;32521945194
RAIZ4;3,21;4,62;25,41;1,49;0,33;4,82;1,9;0,55;7,32;12,71;5,39;1,1;0,14;5,01;-0,62;1,16;5,87;1,3;8,04;0,22;0,78;2,39;;;111951360,1;2,15;0,13;-0,57;33231555444
RANI3;8,13;7,86;5,63;1,84;0,74;46,29;33,21;21,01;3,56;4,72;1,16;0,6;1,18;6,4;-1,07;1,6;32,67;13,14;19,48;0,4;0,6;0,63;15,63;;8494151,17;4,42;1,44;0,14;2002901263
RANI4;5,5;;3,81;1,24;0,5;46,29;33,21;21,01;2,41;4,72;1,16;0,6;0,8;4,33;-0,72;1,6;32,67;13,14;19,48;0,4;0,6;0,63;15,63;;;4,42;1,44;0,1;2002901263
RAPT3;7,69;11,18;4,73;0,91;0,21;24,24;11,03;4,94;2,12;4,44;2,3;0,99;0,23;0,65;-0,59;2,04;19,32;4,47;11;0,23;0,68;0,91;28,12;;77173,57;8,42;1,63;-0,1;2553833299
RAPT4;7,79;11,04;4,79;0,93;0,21;24,24;11,03;4,94;2,14;4,44;2,3;0,99;0,24;0,66;-0,6;2,04;19,32;4,47;11;0,23;0,68;0,91;28,12;;25296671,17;8,42;1,63;-0,1;2553833299
RCSL3;1,34;;-16,41;-1,33;0,79;11,35;0,66;-4,4;108,55;65,18;-1,36;;0,72;14,91;-1,44;1,13;-8,13;-4,81;-1,03;-0,59;1,6;1,1;;;839628,5;-1;-0,08;-0,04;31140035,22
RCSL4;0,56;;-6,86;-0,56;0,33;11,35;0,66;-4,4;45,36;65,18;-1,36;;0,3;6,23;-0,6;1,13;-8,13;-4,81;-1,03;-0,59;1,6;1,1;;;392238,93;-1;-0,08;-0,02;31140035,22
RDNI3;5,86;0,98;14,88;0,4;0,12;24,18;5,81;2,61;6,68;20,92;14,23;0,86;0,39;1,21;-0,18;1,43;2,7;0,8;1,62;0,29;0,69;0,31;4,17;;123387,97;14,6;0,39;-1,41;256491074,9
RDOR3;28,36;1,43;47,33;4,76;1,16;22,54;17,63;6,13;16,46;20,46;4;1,16;2,9;4,27;-2,01;2,76;10,06;2,44;8,46;0,24;0,74;0,4;;;142776647,6;5,95;0,6;-9,04;64924337852
RECV3;30,22;2,58;10,84;2,41;1,36;48,02;42,04;32,88;8,48;7,31;-1,17;-0,33;3,57;8,11;-2,16;1,82;22,25;12,51;18,49;0,56;0,44;0,38;;;80815167,3;12,52;2,79;0,02;8859621092
REDE3;5,43;9,62;7,48;2,73;0,45;27,92;22,36;9,67;3,23;5,67;2,43;2,05;0,72;5,32;-0,64;1,41;36,48;6,02;17,63;0,17;0,76;0,62;15,06;57,19;10055,5;1,99;0,73;2,61;11459055921
RENT3;56,81;2,32;30,37;2,75;0,87;40,31;28,05;12,67;13,71;19,38;5,67;1,14;3,85;66,87;-1,14;1,06;9,06;2,87;6,78;0,32;0,68;0,23;19,68;35,08;370376009,2;20,66;1,87;-3,75;55910073188
RLOG3;23,08;;82,76;4,26;0,23;34,71;29,67;1,85;5,17;12,09;6,92;5,71;1,53;1,49;-0,31;2,64;5,15;0,28;5,46;0,05;0,71;0,15;50,58;4,37;;5,41;0,28;-2,42;10691215482
RNEW11;6,01;;2,67;-0,82;0,25;30,94;294;108,4;0,99;2,71;1,73;;2,9;-11,45;-0,3;0,87;-30,6;9,41;133,4;-0,31;1,31;0,09;-27,95;;32971,13;-7,35;2,25;0,04;499799525,2
RNEW3;2;;2,67;-0,82;0,25;30,94;294;108,4;0,98;2,71;1,73;;2,89;-11,43;-0,3;0,87;-30,6;9,41;133,4;-0,31;1,31;0,09;-27,95;;62871,4;-2,45;0,75;0,04;499799525,2
RNEW4;2,09;;2,79;-0,85;0,26;30,94;294;108,4;1,03;2,71;1,73;;3,02;-11,94;-0,31;0,87;-30,6;9,41;133,4;-0,31;1,31;0,09;-27,95;;105091,33;-2,45;0,75;0,05;499799525,2
ROMI3;18,06;5,16;6,78;1,33;0,65;31,96;17,03;13,5;5,37;7,11;1,73;0,43;0,91;1,84;-1,7;2,32;19,63;9,58;11,46;0,49;0,51;0,71;18,8;41,68;14429713,57;13,58;2,67;1,23;1456851691
RPAD3;6,91;0,01;9,29;0,55;0,54;;;;10,25;8,76;-1,15;-0,06;;9,38;-0,58;14,72;5,87;5,85;5,26;1;0;0;;4,39;2602,67;12,66;0,74;0,04;565432453,9
RPAD5;6,4;8,97;8,61;0,51;0,5;;;;9,49;8,76;-1,15;-0,06;;8,69;-0,54;14,72;5,87;5,85;5,26;1;0;0;;4,39;4283,8;12,66;0,74;0,04;565432453,9
RPAD6;6,69;0,01;9;0,53;0,53;;;;9,92;8,76;-1,15;-0,06;;9,08;-0,56;14,72;5,87;5,85;5,26;1;0;0;;4,39;3638,9;12,66;0,74;0,04;565432453,9
RPMG3;1,58;;-0,12;-0,03;0,02;-11,88;-18,63;-19,13;-0,12;-0,37;-0,25;;0,02;-0,03;-0,33;0,57;-23,61;-18,05;24,39;-0,76;1,77;0,94;25,45;;22517;-56,95;-13,45;0;106952773,8
RRRP3;44,58;;41,66;2,1;1,12;55,99;33,03;14,23;17,95;17,39;-0,56;-0,07;5,93;10,55;-1,46;1,88;5,03;2,7;6,22;0,54;0,46;0,19;;;203282442,8;21,27;1,07;-0,2;9053646635
RSID3;2,88;;-0,27;-0,06;0,07;-379,56;-2065,15;-1596,18;-0,21;-2,4;-2,19;;4,34;-0,05;-0,13;0,27;-23,17;-24,53;91,82;-1,06;2,06;0,02;-35,64;;121963,17;-45,7;-10,59;0;57600000
RSUL3;0;;0;0;0;36,23;24,28;16,08;0;1,29;-0,19;-0,14;0;0;0;1,87;49,79;18,6;52,01;0,37;0,63;1,16;24,27;;;20,9;10,41;0;138128544,5
RSUL4;56,5;3,52;5,43;2,7;1,01;36,23;24,28;16,08;3,6;1,29;-0,19;-0,14;0,87;4,03;-2,19;1,87;49,79;18,6;52,01;0,37;0,63;1,16;24,27;;171120,23;20,9;10,41;0,21;138128544,5
SANB11;28,7;6,37;8,71;1,31;0,1;20,14;14,46;13,87;8,35;8,35;;;1,21;-0,14;-0,12;0,14;15,08;1,16;;0,08;0,92;0,08;4,53;6,73;63950745,1;21,86;3,3;-0,49;1,07604E+11
SANB3;13,38;6,51;8,12;1,22;0,09;20,14;14,46;13,87;7,78;8,35;;;1,13;-0,13;-0,11;0,14;15,08;1,16;;0,08;0,92;0,08;4,53;6,73;2980967,4;10,93;1,65;-0,46;1,07604E+11
SANB4;15,28;6,27;9,27;1,4;0,11;20,14;14,46;13,87;8,89;8,35;;;1,29;-0,15;-0,12;0,14;15,08;1,16;;0,08;0,92;0,08;4,53;6,73;3363477,2;10,93;1,65;-0,53;1,07604E+11
SAPR11;17,43;8,66;4,65;0,63;0,33;57,67;31,66;20,29;2,98;5,06;2,08;0,44;0,94;5,84;-0,38;1,6;13,47;7,01;10,32;0,52;0,48;0,35;8,4;12,56;16671741,57;27,82;3,75;-11,92;5268062439
SAPR3;3,33;8,39;4,44;0,6;0,31;57,67;31,66;20,29;2,85;5,06;2,08;0,44;0,9;5,58;-0,37;1,6;13,47;7,01;10,32;0,52;0,48;0,35;8,4;12,56;923404,93;5,56;0,75;-11,38;5268062439
SAPR4;3,49;8,81;4,66;0,63;0,33;57,67;31,66;20,29;2,98;5,06;2,08;0,44;0,94;5,85;-0,38;1,6;13,47;7,01;10,32;0,52;0,48;0,35;8,4;12,56;7478459,63;5,56;0,75;-11,93;5268062439
SBFG3;8,6;1,37;5,93;0,9;0,28;47,08;6,61;5,92;5,32;11,29;5,97;1,02;0,35;1,34;-0,52;1,77;15,23;4,64;4,2;0,3;0,7;0,78;22,57;;25917289;9,51;1,45;0,1;2094926787
SBSP3;53;1,78;11,89;1,32;0,65;34,96;20,93;14,38;8,17;11,63;3,46;0,56;1,71;15,74;-0,74;1,48;11,14;5,44;6,97;0,49;0,51;0,38;6,69;0,67;177562928,8;40,02;4,46;0,64;36226023057
SCAR3;14,48;0,99;-12,76;0,56;0,23;77,38;47,1;-21,64;5,86;18,61;12,75;1,21;2,76;2,62;-0,27;2,25;-4,36;-1,77;3,38;0,41;0,59;0,08;-8,54;;105244,63;26,05;-1,14;0,05;836036379,1
SEDU3;23,8;;-13,36;15;1,53;48,36;-15,73;-25,77;-21,89;-27,94;-6,05;4,15;3,44;57,9;-2,27;1,09;-112,29;-11,46;-13,15;0,1;0,9;0,44;12,49;;;1,59;-1,78;0,01;6238667820
SEER3;3,64;;-5,02;0,34;0,13;51,25;5,91;-5,74;4,88;9,89;5,01;0,35;0,29;1,98;-0,17;1,44;-6,84;-2,68;4,34;0,39;0,61;0,47;4,57;;3712607,07;10,6;-0,72;0,03;468546478,4
SEQL3;2,45;;-4,98;0,64;0,18;18,55;4,44;-3,74;4,19;11,98;7,79;1,19;0,19;-68,15;-0,26;0,99;-12,87;-3,53;6,43;0,27;0,73;0,94;;;14930500,27;3,82;-0,49;0;344432066,7
SGPS3;1,32;;-0,15;0,11;0,02;24,22;-7,26;-31,4;-0,63;-8,26;-7,63;1,32;0,05;0,95;-0,04;1,07;-75;-15,48;-6,85;0,21;0,79;0,49;-5,73;;282303,23;12,12;-9,09;0;66000000
SHOW3;2,34;;-10,06;1,11;0,26;28,24;7,59;-5,17;6,86;1,96;-4,9;-0,8;0,52;2,13;-0,77;1,23;-11,07;-2,58;7,75;0,23;0,76;0,5;-47,6;;542187,73;2,1;-0,23;0,12;157745551,9
SHUL3;111,89;0,18;159,73;38,39;17,29;25,25;17,48;12,53;114,47;52,5;1,03;0,35;20,01;41,13;-49,33;2,84;24,03;10,83;17,77;0,45;0,55;0,86;24,09;52,2;;2,91;0,7;6,34;17979253774
SHUL4;4,37;4,95;6,24;1,5;0,68;25,25;17,48;12,53;4,47;52,5;1,03;0,35;0,78;1,61;-1,93;2,84;24,03;10,83;17,77;0,45;0,55;0,86;24,09;52,2;2116151,4;2,91;0,7;0,25;17979253774
SIMH3;7,28;8,98;11,58;2,2;0,1;32,54;23;2,5;1,26;6,52;5,27;9,22;0,29;0,45;-0,17;2,4;19,03;0,89;9,46;0,05;0,91;0,36;16,28;;25946382,17;3,3;0,63;-0,49;6103609578
SLCE3;51,78;5,36;8,24;2,3;0,73;33,97;28;14,52;4,27;5,44;1,17;0,63;1,2;3,82;-1,37;1,68;27,88;8,84;21,67;0,32;0,66;0,61;30,68;113,71;64697826,13;22,54;6,28;0,33;10999242176
SLED3;6,93;;0,44;-0,18;0,49;43,87;290,32;184,23;0,28;0,39;0,32;;0,81;-0,63;-0,69;0,27;-41,73;111,56;-85,85;-2,67;3,67;0,61;-44,82;;6660,8;-37,97;15,84;0;15411570,87
SLED4;1,2;;0,08;-0,03;0,08;43,87;290,32;184,23;0,05;0,39;0,32;;0,14;-0,11;-0,12;0,27;-41,73;111,56;-85,85;-2,67;3,67;0,61;-44,82;;68729,1;-37,97;15,84;0;15411570,87
SMFT3;16,06;;-34,15;2,27;0,85;26,56;2,24;-10,51;160,17;166,36;6,19;0,09;3,59;5,42;-1,2;2,14;-6,65;-2,48;0,77;0,37;0,62;0,24;21,63;;17312958,1;7,08;-0,47;0,61;9415051161
SMLS3;22,4;;10,78;4,09;1,02;85,18;41,42;39,07;10,17;9,93;-0,24;-0,1;4,21;18,78;-2,54;1,1;37,96;9,43;24,47;0,25;0,75;0,24;;;;5,47;2,08;-0,33;2781160547
SMTO3;28,39;3,99;7,41;1,84;0,56;38,37;38,94;21,55;4,1;7,13;3,03;1,36;1,6;3,64;-0,83;1,87;24,88;7,51;14,39;0,3;0,7;0,35;16,99;36,73;63267193,27;15,4;3,83;0,24;10050381630
SNSY3;3,85;;-0,17;-0,02;0,06;17,38;-2,53;-20,78;-1,43;-9,6;-5,85;;0,04;-0,69;-0,16;0,86;-10,62;-36,9;1,41;-3,48;4,51;1,78;16,09;;4063,12;-208,35;-22,12;0;77662530,4
SNSY5;3,01;;-0,14;-0,01;0,05;17,38;-2,53;-20,78;-1,12;-9,6;-5,85;;0,03;-0,54;-0,12;0,86;-10,62;-36,9;1,41;-3,48;4,51;1,78;16,09;;4515,46;-208,35;-22,12;0;77662530,4
SNSY6;13,33;;-0,6;-0,06;0,22;17,38;-2,53;-20,78;-4,96;-9,6;-5,85;;0,13;-2,38;-0,54;0,86;-10,62;-36,9;1,41;-3,48;4,51;1,78;16,09;;;-208,35;-22,12;-0,01;77662530,4
SOJA3;11,21;0,97;11,15;1,79;0,78;10,12;8,27;7,93;10,7;11,22;0,52;0,09;0,88;3,02;-2,7;1,58;16,08;7,03;9,42;0,44;0,52;0,89;;;2146238,1;6,25;1,01;-0,85;1313143054
SOMA3;8,61;1,05;21,96;0,91;0,65;55,8;7,85;6,5;18,19;20,79;2,6;0,13;1,43;4,4;-0,92;1,98;4,15;2,96;3,62;0,71;0,29;0,45;;;75564632,77;9,45;0,39;5;6756674882
SOND3;46,01;13,11;6,9;1,95;1,25;38,27;15,46;13,58;6,06;3,18;-1,6;-0,52;0,94;3,97;-2,91;2,21;28,31;18,06;18,11;0,64;0,36;1,33;-0,97;;;23,56;6,67;0,04;89283745
SOND5;31,15;21,3;4,67;1,32;0,84;38,27;15,46;13,58;4,1;3,18;-1,6;-0,52;0,63;2,69;-1,97;2,21;28,31;18,06;18,11;0,64;0,36;1,33;-0,97;;9345;23,56;6,67;0,03;89283745
SOND6;32,35;20,51;4,85;1,37;0,88;38,27;15,46;13,58;4,26;3,18;-1,6;-0,52;0,66;2,79;-2,05;2,21;28,31;18,06;18,11;0,64;0,36;1,33;-0,97;;3235;23,56;6,67;0,03;89283745
SPRT3B;76,4;;-246,67;-93,02;32019,68;;;;-283,23;-283,23;0;;;-92,75;-32307,24;0;-37,71;-12980,73;32,84;-344,22;345,22;0;;;;-0,82;-0,31;-2,63;370531748,8
SQIA3;17,42;0,38;53,99;1,95;1,01;40,94;10,31;5,12;26,79;29,36;2,57;0,19;2,76;38298,73;-1,21;1;3,62;1,87;4,12;0,52;0,48;0,37;33,05;27,93;10026678,3;8,91;0,32;0,38;1531949152
STBP3;8,49;7,76;17,45;3,43;1,48;43,91;28,52;22,04;13,49;12,7;-0,79;-0,2;3,85;14,14;-1,87;1,99;19,64;8,47;15,41;0,43;0,57;0,38;13,09;;42109444,17;2,48;0,49;0,12;7332408927
STKF3;0;;0;0;0;46,97;33,03;25,63;0;2,03;2,03;0,17;0;0;0;2,61;6,46;4,18;4,48;0,65;0,35;0,16;15,48;;;6,84;0,44;0;0
STTR3;0;;0;0;0;31,37;17,25;14,11;0;-0,22;-0,22;-0,09;0;0;0;2,46;32,1;17,86;25,38;0,56;0,44;1,27;22,02;;;2,91;0,94;0;0
SULA11;22,25;0,27;52,23;1,13;0,31;4,25;-3,34;0,83;-12,92;6,54;19,47;-1,71;0,43;0,85;-0,91;2,29;2,17;0,6;-8,72;0,28;0,72;0,73;4,58;-23,56;98011165,19;19,64;0,43;-0,94;9475042424
SULA3;7,43;0,27;52,32;1,13;0,31;4,25;-3,34;0,83;-12,95;6,54;19,47;-1,71;0,43;0,85;-0,91;2,29;2,17;0,6;-8,72;0,28;0,72;0,73;4,58;-23,56;43292,81;6,55;0,14;-0,95;9475042424
SULA4;7,63;0,26;53,73;1,17;0,32;4,25;-3,34;0,83;-13,3;6,54;19,47;-1,71;0,44;0,88;-0,93;2,29;2,17;0,6;-8,72;0,28;0,72;0,73;4,58;-23,56;90108,19;6,55;0,14;-0,97;9475042424
SUZB3;46,4;5,15;3,46;2,26;0,49;49,45;41,93;38,86;3,21;6,17;2,96;2,08;1,35;2,71;-0,68;2,81;65,24;14,18;15,82;0,22;0,78;0,36;32,9;60,88;283792587,2;20,53;13,4;0,07;63162630298
SYNE3;4,04;12,97;0,5;0,4;0,15;69,6;67,81;53,26;0,39;0,79;0,39;0,4;0,27;1;-0,18;6,61;79,34;29,28;39,56;0,37;0,36;0,55;40,5;;1412264,13;10,16;8,06;0;616683557,8
TAEE11;35,97;17,21;6,7;1,78;0,69;84,89;102,94;65,49;4,26;6,64;2,38;0,99;4,39;4,68;-0,87;3,71;26,61;10,36;17,16;0,39;0,61;0,16;20,07;16,49;95119915,77;20,18;5,37;-0,23;12391625685
TAEE3;11,94;17,28;6,67;1,78;0,69;84,89;102,94;65,49;4,24;6,64;2,38;0,99;4,37;4,67;-0,87;3,71;26,61;10,36;17,16;0,39;0,61;0,16;20,07;16,49;3298903,17;6,73;1,79;-0,23;12391625685
TAEE4;12,02;17,17;6,72;1,79;0,7;84,89;102,94;65,49;4,27;6,64;2,38;0,99;4,4;4,7;-0,87;3,71;26,61;10,36;17,16;0,39;0,61;0,16;20,07;16,49;6338997,57;6,73;1,79;-0,23;12391625685
TASA3;14,97;10,85;3,13;1,75;0,81;47,87;32,76;21,93;2,09;2,38;0,26;0,22;0,69;3,41;-2,46;1,55;55,91;25,88;38;0,46;0,54;1,18;26,98;;742318,93;8,56;4,78;-0,22;1910953410
TASA4;15,16;10,71;3,17;1,77;0,82;47,87;32,76;21,93;2,12;2,38;0,26;0,22;0,7;3,46;-2,49;1,55;55,91;25,88;38;0,46;0,54;1,18;26,98;;10805242,73;8,56;4,78;-0,22;1910953410
TCNO3;1,2;;-7,52;-8,4;0,03;;;;-6,81;-34,51;-28,98;;;-0,08;-0,04;0,28;-111,63;-0,45;-3,55;0;1;0;;;4272,71;-0,14;-0,16;-0,28;6451072,5
TCNO4;0,85;;-5,33;-5,95;0,02;;;;-4,82;-34,51;-28,98;;;-0,06;-0,03;0,28;-111,63;-0,45;-3,55;0;1;0;;;12175,76;-0,14;-0,16;-0,2;6451072,5
TCSA3;2,66;;-2,66;0,34;0,13;8,42;-24,28;-40,28;-4,41;-14,36;-9,95;0,77;1,07;0,36;-0,26;3,12;-12,81;-4,77;-4,1;0,37;0,57;0,12;-15,57;;1577971,4;7,82;-1;0,05;195827151,8
TECN3;2,32;3,53;4,76;0,5;0,27;53,19;16,71;10,23;2,92;3,49;0,58;0,1;0,49;0,55;-0,78;4,28;10,58;5,74;11,98;0,54;0,46;0,56;-2,72;;931680,6;4,6;0,49;0,03;172854418,8
TEKA3;8,23;;-0,04;0;0;19,45;6,8;-39,9;0,24;34,05;33,71;;0,02;0;0;0,04;-5,61;-9,53;-1,22;-1,7;2,7;0,24;7,53;;816;-3661,67;-205,31;0;6038424,05
TEKA4;13,89;;-0,07;0;0,01;19,45;6,8;-39,9;0,4;34,05;33,71;;0,03;0;-0,01;0,04;-5,61;-9,53;-1,22;-1,7;2,7;0,24;7,53;;37845,67;-3661,67;-205,31;0;6038424,05
TELB3;13,9;;-7,92;0,72;0,3;-54,22;-17,16;-44,11;-20,34;-2,55;16,26;-0,58;3,49;0,99;-0,48;4,98;-9,15;-3,78;-3,22;0,41;0,59;0,09;38,5;;21974,76;19,19;-1,76;-1,42;1110344170
TELB4;8,99;;-5,12;0,47;0,19;-54,22;-17,16;-44,11;-13,16;-2,55;16,26;-0,58;2,26;0,64;-0,31;4,98;-9,15;-3,78;-3,22;0,41;0,59;0,09;38,5;;35969,79;19,19;-1,76;-0,92;1110344170
TEND3;3,99;;-0,79;0,49;0,1;6,16;-20,31;-22,88;-0,89;-2,61;-1,72;0,95;0,18;0,88;-0,17;1,34;-62,35;-12,29;-21,73;0,2;0,8;0,54;19,26;;18496256,03;8,09;-5,04;0;416333541,5
TESA3;48;;-13,3;1,62;0,52;15,86;9,39;-7,58;10,73;17,39;6,66;1,01;1,01;-11,1;-0,74;0,86;-12,18;-3,94;3,93;0,32;0,68;0,52;7,32;;;29,64;-3,61;0,83;1389696672
TFCO4;11,18;1,61;109,63;33,38;20,52;58,17;23;18,14;86,43;14,83;0,29;0,11;19,88;40,8;-74,46;3,27;30,45;18,72;24,51;0,61;0,39;1,03;;;1630311,2;0,33;0,1;2,04;1785647257
TGMA3;18,01;6,23;9,01;1,61;1,15;19,84;13,78;10,43;6,81;6,76;-0,05;-0,01;0,94;4,29;-2,21;2,26;17,93;12,75;15,43;0,71;0,29;1,22;1,74;57,03;2882635,7;11,16;2;0,39;1188712499
TIET11;12,54;;4,38;2,25;0,46;74,66;61,76;49,46;3,51;7,15;3,64;2,34;2,16;1031,49;-0,52;1;51,45;10,47;13,16;0,2;0,72;0,21;-5,19;23,78;;5,57;2,87;0,02;5004795801
TIET3;3,49;;6,09;3,13;0,64;74,66;61,76;49,46;4,88;7,15;3,64;2,34;3,01;1435,37;-0,72;1;51,45;10,47;13,16;0,2;0,72;0,21;-5,19;23,78;;1,11;0,57;0,03;5004795801
TIET4;3,51;;6,13;3,15;0,64;74,66;61,76;49,46;4,91;7,15;3,64;2,34;3,03;1443,59;-0,72;1;51,45;10,47;13,16;0,2;0,72;0,21;-5,19;23,78;;1,11;0,57;0,03;5004795801
TIMS3;11,29;5,12;16,36;1,08;0,48;50,51;14,68;7,76;8,65;8,72;0,07;0,01;1,27;-9,93;-0,59;0,79;6,58;2,96;10,24;0,45;0,55;0,38;5,81;6,24;98777067,5;10,49;0,69;-0,38;27330881653
TKNO3;69,63;9,4;3,93;0,78;0,55;23,15;17,23;15,95;3,64;3,03;-0,69;-0,15;0,63;1,59;-1,37;2,35;19,71;13,93;17,63;0,71;0,29;0,87;23,01;;;89,78;17,7;-0,35;209841599,6
TKNO4;73;8,96;4,12;0,81;0,57;23,15;17,23;15,95;3,82;3,03;-0,69;-0,15;0,66;1,67;-1,44;2,35;19,71;13,93;17,63;0,71;0,29;0,87;23,01;;11037,33;89,78;17,7;-0,37;209841599,6
TOTS3;30,06;1,03;39,39;4,18;1,75;67,48;16,13;12,42;30,33;28,98;-1,35;-0,19;4,89;6,05;-4,29;1,96;10,6;4,44;7,23;0,42;0,56;0,36;8,34;25,27;120061105,9;7,2;0,76;1,07;18552526421
TOYB3;2,29;;-43,94;-4,97;4,03;24,06;-10,7;-10,96;-45;-47,62;-0,63;;4,81;-5,93;-11,89;0,49;-11,31;-9,18;11,93;-0,81;1,81;0,84;-33,11;;;-0,46;-0,05;0,47;71890222,22
TOYB4;2,5;;-47,96;-5,43;4,4;24,06;-10,7;-10,96;-49,12;-47,62;-0,63;;5,26;-6,47;-12,98;0,49;-11,31;-9,18;11,93;-0,81;1,81;0,84;-33,11;;;-0,46;-0,05;0,52;71890222,22
TPIS3;0,85;2,2;-54,78;0,15;0,05;29,86;22,76;-0,24;0,58;7,03;6,46;1,71;0,13;-0,52;-0,05;0,4;-0,28;-0,09;6,73;0,31;0,69;0,36;-7,49;;797627,27;5,59;-0,02;0,54;149600000
TRAD3;1,34;0,02;-12,28;0,66;0,62;53,21;-82,86;-32,11;-4,76;-2,12;2,64;-0,36;3,94;1,83;-1,02;6,95;-5,35;-5,02;-17,13;0,94;0,06;0,16;;;2526199,7;2,04;-0,11;0,03;375397164,9
TRIS3;3,38;6,5;10,97;0,5;0,27;31,52;13,91;7,91;6,23;10,72;4,49;0,36;0,87;0,59;-0,73;3,93;4,6;2,5;4,07;0,54;0,43;0,32;20,68;85,86;2982502,87;6,7;0,31;-0,17;630767278,4
TRPL3;28,53;3,72;7,28;1,17;0,59;65,19;71,11;45,66;4,67;5,7;1,68;0,42;3,32;4,89;-0,69;5,29;16,07;8,05;14,19;0,5;0,48;0,18;-6,6;-12,14;57102,8;24,4;3,92;-0,23;16175756622
TRPL4;21,99;4,83;5,61;0,9;0,45;65,19;71,11;45,66;3,6;5,7;1,68;0,42;2,56;3,77;-0,53;5,29;16,07;8,05;14,19;0,5;0,48;0,18;-6,6;-12,14;43987787,7;24,4;3,92;-0,18;16175756622
TTEN3;12,35;0,12;10,74;2,18;1,01;15,15;7,81;8,3;11,42;11,82;0,4;0,08;0,89;4,04;-3,36;1,55;20,27;9,4;12,95;0,46;0,54;1,13;;;14521436,47;5,67;1,15;0,33;6138167940
TUPY3;28,32;1,59;7,94;1,31;0,46;18,24;8,02;5,33;5,28;7,27;2;0,5;0,42;1,08;-1,41;2,66;16,55;5,73;9,67;0,35;0,65;1,08;16,82;;15714980,07;21,55;3,57;0,06;4083106800
TXRX3;9,5;;-2,16;-0,12;0,16;31,51;15,99;-9,31;1,26;10,38;9,69;;0,2;-0,22;-0,34;0,42;-5,68;-7,36;-183,75;-1,3;2,3;0,79;13,47;;3132,5;-77,44;-4,4;-0,01;22161682,16
TXRX4;2,97;;-0,67;-0,04;0,05;31,51;15,99;-9,31;0,39;10,38;9,69;;0,06;-0,07;-0,11;0,42;-5,68;-7,36;-183,75;-1,3;2,3;0,79;13,47;;29049,43;-77,44;-4,4;0;22161682,16
UCAS3;2,4;7,57;4,22;0,81;0,52;34,72;12,82;14,92;4,91;4,17;-0,73;-0,12;0,63;4,4;-0,91;1,39;19,19;12,45;13,42;0,65;0,35;0,83;3,58;;128205,6;2,97;0,57;0,09;158607273,6
UGPA3;12,98;4,49;10,66;1,33;0,42;3,61;1,91;1,02;5,71;8,81;3,11;0,72;0,11;2,44;-0,86;1,53;12,45;3,99;9,54;0,32;0,67;3,9;7,24;-2,75;72287678,8;9,78;1,22;0,21;14474946578
UNIP3;76,88;16,5;4,29;2,83;1,24;46,94;41,33;23,71;2,46;2,57;-0,06;-0,07;1,02;5,04;-2,37;2,06;66,05;28,84;53,04;0,44;0,56;1,22;47,87;45,98;1874987,3;27,13;17,92;0,25;8545457025
UNIP5;89,99;15,51;5,02;3,32;1,45;46,94;41,33;23,71;2,88;2,57;-0,06;-0,07;1,19;5,9;-2,77;2,06;66,05;28,84;53,04;0,44;0,56;1,22;47,87;45,98;31000,54;27,13;17,92;0,29;8545457025
UNIP6;85,16;16,39;4,75;3,14;1,37;46,94;41,33;23,71;2,73;2,57;-0,06;-0,07;1,13;5,58;-2,62;2,06;66,05;28,84;53,04;0,44;0,56;1,22;47,87;45,98;18118496,97;27,13;17,92;0,27;8545457025
USIM3;7,66;7,47;5,94;0,37;0,24;17,49;8,21;4,98;3,6;3,96;0,42;0,04;0,3;0,64;-0,49;3,78;6,24;4,04;4,61;0,65;0,35;0,81;24,78;47,29;4287205,67;20,66;1,29;-0,07;9423284072
USIM5;7,34;8,57;5,69;0,36;0,23;17,49;8,21;4,98;3,45;3,96;0,42;0,04;0,28;0,61;-0,47;3,78;6,24;4,04;4,61;0,65;0,35;0,81;24,78;47,29;115103500,6;20,66;1,29;-0,07;9423284072
USIM6;14;4,49;10,86;0,68;0,44;17,49;8,21;4,98;6,58;3,96;0,42;0,04;0,54;1,17;-0,89;3,78;6,24;4,04;4,61;0,65;0,35;0,81;24,78;47,29;2012,4;20,66;1,29;-0,13;9423284072
VALE3;86,8;8,74;3,89;2,31;0,95;49,82;44,05;45,63;4,03;4,39;0,37;0,21;1,77;82,68;-1,15;1,07;59,45;24,49;30,46;0,41;0,57;0,54;25,41;51,64;2020746213;37,57;22,33;0,34;4,14808E+11
VAMO3;14,18;1,84;27,28;3,98;0,95;41,51;31,92;12,31;10,52;13,64;3,12;1,18;3,36;6,66;-1,44;1,72;14,58;3,48;10,39;0,24;0,76;0,28;571,04;559,46;42703495,33;3,57;0,52;0,48;14540143215
VBBR3;15,4;5,56;8,99;1,42;0,45;4,61;1,99;1,14;5,14;8,87;3,73;1,03;0,1;1,61;-0,94;2,19;15,8;5,05;9,79;0,32;0,68;4,44;8,47;;155430164,8;10,85;1,71;-0,16;17941000000
VIIA3;2,05;;-21,85;0,6;0,1;30,44;4,1;-0,5;2,65;9,18;6,54;1,47;0,11;-0,93;-0,17;0,81;-2,72;-0,44;3,93;0,16;0,84;0,89;9,29;;211009631,8;3,44;-0,09;0,01;3276784142
VITT3;11,33;3,22;11,39;3,35;1,84;37,01;20,66;15,95;8,79;9,92;1,13;0,43;1,82;6,02;-5,39;1,87;29,46;16,16;19,98;0,55;0,45;1,01;;;2404230,3;3,38;1;0,27;1620746382
VIVA3;22,12;0,24;15,82;3,75;2,04;63,71;17,61;17,71;15,91;15,37;-0,54;-0,13;2,8;5,75;-5,33;2,35;23,71;12,88;16,73;0,54;0,46;0,73;;;27085923,6;5,9;1,4;0,64;5224694650
VIVR3;0,41;;-2,93;-0,53;0,29;26,48;-67,87;-33,48;-1,44;-5,02;-3,58;;0,98;-0,55;-0,62;0,51;-17,96;-9,83;-136,48;-0,55;1,55;0,29;;;2451264,17;-0,78;-0,14;0,05;91742813,6
VIVT3;39,08;7,82;11,72;0,95;0,54;42,7;13,86;11,93;10,09;12,2;2,11;0,2;1,4;-17,75;-0,65;0,85;8,1;4,57;6,61;0,56;0,43;0,38;0,71;6,48;107763114,4;41,2;3,34;0,83;65534747631
VIVT4;45,34;;13,59;1,1;0,62;42,7;13,86;11,93;11,7;12,2;2,11;0,2;1,62;-20,59;-0,75;0,85;8,1;4,57;6,61;0,56;0,43;0,38;0,71;6,48;;41,2;3,34;0,96;65534747631
VLID3;8,87;2,97;24,45;0,57;0,23;30,15;13,6;1,4;2,51;5,02;2,51;0,57;0,34;0,98;-0,49;1,83;2,33;0,95;10,98;0,41;0,58;0,68;4,98;-19,58;2767216,03;15,56;0,36;-0,11;725888646,3
VSPT3;4,99;;-1,31;0,17;0,08;-2,93;-11,47;-18,52;-2,11;-3,16;-1,05;0,09;0,24;-2,11;-0,09;0,69;-13,1;-6,46;-8,15;0,49;0,51;0,35;11,6;;;29,09;-3,81;-0,01;712610842,2
VSPT4;0;;0;0;0;-2,93;-11,47;-18,52;0;-3,16;-1,05;0,09;0;0;0;0,69;-13,1;-6,46;-8,15;0,49;0,51;0,35;11,6;;;29,09;-3,81;0;712610842,2
VULC3;11,33;3,27;8,27;1,73;1,17;36,33;16,1;13,93;7,15;7,53;0,38;0,09;1,15;2,78;-3,64;2,65;20,91;14,18;18,86;0,68;0,32;1,02;10,48;56,66;2898150,93;6,55;1,37;0,48;2784418245
VVEO3;18,56;2,34;19,09;2,32;0,64;16,14;6,18;3,59;11,1;14,29;3,19;0,67;0,69;2,18;-1,52;2,05;12,13;3,37;8,29;0,28;0,72;0,94;;;2541093,83;8,01;0,97;-0,75;5310449562
WEGE3;38,6;1,34;41,66;12,08;6,26;28,42;16,27;13,66;34,98;34,94;-0,05;-0,02;5,69;22,64;-19,48;1,69;28,99;15,03;23,19;0,52;0,47;1,1;20,26;28,32;264550916,7;3,2;0,93;3,31;1,62016E+11
WEST3;0,95;;-2,26;0,3;0,25;41,97;-27,71;-16,9;-1,38;0,33;1,71;-0,37;0,38;0,44;-0,7;6,77;-13,22;-10,92;-23,69;0,83;0,17;0,65;;;246446,33;3,18;-0,42;-0,04;104837985,3
WHRL3;4,48;4,18;12,44;2,76;0,83;16,5;7,83;4,95;7,87;7,44;-0,55;-0,19;0,62;13,03;-2,73;1,1;22,16;6,69;20,32;0,3;0,7;1,35;14,11;11,67;13873,64;1,63;0,36;-0,25;6836780032
WHRL4;4,7;4,38;13,05;2,89;0,87;16,5;7,83;4,95;8,25;7,44;-0,55;-0,19;0,65;13,67;-2,87;1,1;22,16;6,69;20,32;0,3;0,7;1,35;14,11;11,67;26301,83;1,63;0,36;-0,27;6836780032
WIZC3;7,25;8,11;7,43;2,67;0,58;58,2;41,06;17,81;3,22;3,3;0,08;0,07;1,32;-12,11;-0,71;0,79;35,93;7,84;22,59;0,22;0,51;0,44;15,13;1,48;6364912,62;2,72;0,98;-0,51;1159327795
WLMM3;21,27;6,4;6,83;1,34;1,1;13,88;7,94;6,36;5,48;5,1;-0,62;-0,15;0,43;2,66;-2,23;5,59;19,63;16,16;17;0,82;0,18;2,54;34,55;;2100;15,87;3,11;0,32;809266068,4
WLMM4;23,02;3,96;7,39;1,45;1,19;13,88;7,94;6,36;5,93;5,1;-0,62;-0,15;0,47;2,88;-2,41;5,59;19,63;16,16;17;0,82;0,18;2,54;34,55;;58968,39;15,87;3,11;0,35;809266068,4
YDUQ3;8,54;1,48;-55,72;0,84;0,27;55,27;12,65;-1,05;4,62;11,92;7,3;1,33;0,58;2,47;-0,37;1,64;-1,51;-0,48;5,81;0,32;0,68;0,46;6,64;;52609169,03;10,15;-0,15;0,41;2639618788
ZAMP3;4,95;;-18,38;0,94;0,34;64,12;2,11;-2,11;18,44;25,6;7,16;0,36;0,39;9,29;-0,45;1,17;-5,09;-1,86;2,48;0,36;0,64;0,88;14,59;;4416773,3;5,29;-0,27;0,23;1363009463
